date,positive_total,recovered_total,deceased_total,tested_total,kumulovany_pocet_provedenych_ag_testu,prirustkovy_pocet_nakazenych,prirustkovy_pocet_vylecenych,prirustkovy_pocet_umrti,prirustkovy_pocet_provedenych_testu,prirustkovy_pocet_provedenych_ag_testu,positive_daily,recovered_daily,deceased_daily,tested_daily,active,positive_increase,positive_increase_5d,growth_factor,ones
2020-01-27,0,0,0,20,0,0,0,0,20,0,,,,,0,,,,1
2020-01-28,0,0,0,28,0,0,0,0,8,0,0.0,0.0,0.0,8.0,0,,,,1
2020-01-29,0,0,0,33,0,0,0,0,5,0,0.0,0.0,0.0,5.0,0,,,,1
2020-01-30,0,0,0,34,0,0,0,0,1,0,0.0,0.0,0.0,1.0,0,,,,1
2020-01-31,0,0,0,37,0,0,0,0,3,0,0.0,0.0,0.0,3.0,0,,,,1
2020-02-01,0,0,0,38,0,0,0,0,1,0,0.0,0.0,0.0,1.0,0,,,,1
2020-02-02,0,0,0,43,0,0,0,0,5,0,0.0,0.0,0.0,5.0,0,,,,1
2020-02-03,0,0,0,48,0,0,0,0,5,0,0.0,0.0,0.0,5.0,0,,,,1
2020-02-04,0,0,0,53,0,0,0,0,5,0,0.0,0.0,0.0,5.0,0,,,,1
2020-02-05,0,0,0,53,0,0,0,0,0,0,0.0,0.0,0.0,0.0,0,,,,1
2020-02-06,0,0,0,56,0,0,0,0,3,0,0.0,0.0,0.0,3.0,0,,,,1
2020-02-07,0,0,0,62,0,0,0,0,6,0,0.0,0.0,0.0,6.0,0,,,,1
2020-02-08,0,0,0,62,0,0,0,0,0,0,0.0,0.0,0.0,0.0,0,,,,1
2020-02-09,0,0,0,64,0,0,0,0,2,0,0.0,0.0,0.0,2.0,0,,,,1
2020-02-10,0,0,0,72,0,0,0,0,8,0,0.0,0.0,0.0,8.0,0,,,,1
2020-02-11,0,0,0,74,0,0,0,0,2,0,0.0,0.0,0.0,2.0,0,,,,1
2020-02-12,0,0,0,75,0,0,0,0,1,0,0.0,0.0,0.0,1.0,0,,,,1
2020-02-13,0,0,0,76,0,0,0,0,1,0,0.0,0.0,0.0,1.0,0,,,,1
2020-02-14,0,0,0,76,0,0,0,0,0,0,0.0,0.0,0.0,0.0,0,,,,1
2020-02-15,0,0,0,77,0,0,0,0,1,0,0.0,0.0,0.0,1.0,0,,,,1
2020-02-16,0,0,0,78,0,0,0,0,1,0,0.0,0.0,0.0,1.0,0,,,,1
2020-02-17,0,0,0,80,0,0,0,0,2,0,0.0,0.0,0.0,2.0,0,,,,1
2020-02-18,0,0,0,80,0,0,0,0,0,0,0.0,0.0,0.0,0.0,0,,,,1
2020-02-19,0,0,0,82,0,0,0,0,2,0,0.0,0.0,0.0,2.0,0,,,,1
2020-02-20,0,0,0,82,0,0,0,0,0,0,0.0,0.0,0.0,0.0,0,,,,1
2020-02-21,0,0,0,82,0,0,0,0,0,0,0.0,0.0,0.0,0.0,0,,,,1
2020-02-22,0,0,0,83,0,0,0,0,1,0,0.0,0.0,0.0,1.0,0,,,,1
2020-02-23,0,0,0,86,0,0,0,0,3,0,0.0,0.0,0.0,3.0,0,,,,1
2020-02-24,0,0,0,98,0,0,0,0,12,0,0.0,0.0,0.0,12.0,0,,,,1
2020-02-25,0,0,0,112,0,0,0,0,14,0,0.0,0.0,0.0,14.0,0,,,,1
2020-02-26,0,0,0,135,0,0,0,0,23,0,0.0,0.0,0.0,23.0,0,,,,1
2020-02-27,0,0,0,170,0,0,0,0,35,0,0.0,0.0,0.0,35.0,0,,,,1
2020-02-28,0,0,0,193,0,0,0,0,23,0,0.0,0.0,0.0,23.0,0,,,,1
2020-02-29,0,0,0,200,0,0,0,0,7,0,0.0,0.0,0.0,7.0,0,,,,1
2020-03-01,3,0,0,211,0,3,0,0,11,0,3.0,0.0,0.0,11.0,3,inf,,inf,1
2020-03-02,3,0,0,262,0,0,0,0,51,0,0.0,0.0,0.0,51.0,3,0.0,,0.0,1
2020-03-03,5,0,0,340,0,2,0,0,78,0,2.0,0.0,0.0,78.0,5,0.6666666666666666,,inf,1
2020-03-04,6,0,0,407,0,1,0,0,67,0,1.0,0.0,0.0,67.0,6,0.2,,0.5,1
2020-03-05,9,0,0,483,0,3,0,0,76,0,3.0,0.0,0.0,76.0,9,0.5,inf,3.0,1
2020-03-06,20,0,0,594,0,11,0,0,111,0,11.0,0.0,0.0,111.0,20,1.2222222222222223,0.5177777777777778,3.6666666666666665,1
2020-03-07,27,0,0,787,0,7,0,0,193,0,7.0,0.0,0.0,193.0,27,0.35,0.5877777777777778,0.6363636363636364,1
2020-03-08,33,0,0,928,0,6,0,0,141,0,6.0,0.0,0.0,141.0,33,0.2222222222222222,0.4988888888888889,0.8571428571428571,1
2020-03-09,39,0,0,1193,0,6,0,0,265,0,6.0,0.0,0.0,265.0,39,0.18181818181818182,0.4952525252525253,1.0,1
2020-03-10,64,0,0,1358,0,25,0,0,165,0,25.0,0.0,0.0,165.0,64,0.6410256410256411,0.5234576534576535,4.166666666666667,1
2020-03-11,95,0,0,1816,0,31,0,0,458,0,31.0,0.0,0.0,458.0,95,0.484375,0.375888209013209,1.24,1
2020-03-12,117,0,0,2353,0,22,0,0,537,0,22.0,0.0,0.0,537.0,117,0.23157894736842105,0.35220399848689327,0.7096774193548387,1
2020-03-13,142,0,0,3198,0,25,0,0,845,0,25.0,0.0,0.0,845.0,142,0.21367521367521367,0.3504945967774915,1.1363636363636365,1
2020-03-14,190,1,0,4184,0,48,1,0,986,0,48.0,1.0,0.0,986.0,189,0.3380281690140845,0.38173659421667205,1.92,1
2020-03-15,299,4,0,5212,0,109,3,0,1028,0,109.0,3.0,0.0,1028.0,295,0.5736842105263158,0.368268308116807,2.2708333333333335,1
2020-03-16,384,4,0,6531,0,85,0,0,1319,0,85.0,0.0,0.0,1319.0,380,0.2842809364548495,0.3282494954077769,0.7798165137614679,1
2020-03-17,451,4,0,7825,0,67,0,0,1294,0,67.0,0.0,0.0,1294.0,447,0.17447916666666666,0.316829539267426,0.788235294117647,1
2020-03-18,561,4,0,9581,0,110,0,0,1756,0,110.0,0.0,0.0,1756.0,557,0.24390243902439024,0.3228749843372613,1.6417910447761195,1
2020-03-19,767,5,0,11840,0,206,1,0,2259,0,206.0,1.0,0.0,2259.0,762,0.3672014260249554,0.3287096357394355,1.8727272727272728,1
2020-03-20,891,8,0,13961,0,124,3,0,2121,0,124.0,3.0,0.0,2121.0,883,0.16166883963494133,0.2463065615611606,0.6019417475728155,1
2020-03-21,1050,13,0,15843,0,159,5,0,1882,0,159.0,5.0,0.0,1882.0,1037,0.17845117845117844,0.22514060996042642,1.282258064516129,1
2020-03-22,1165,13,1,17644,0,115,0,1,1801,0,115.0,0.0,1.0,1801.0,1151,0.10952380952380952,0.21214953853185498,0.7232704402515723,1
2020-03-23,1291,18,1,19935,0,126,5,0,2291,0,126.0,5.0,0.0,2291.0,1272,0.10815450643776824,0.1849999520145306,1.0956521739130434,1
2020-03-24,1476,22,3,22997,0,185,4,2,3062,0,185.0,4.0,2.0,3062.0,1451,0.14329976762199845,0.1402196203339392,1.4682539682539681,1
2020-03-25,1768,27,10,27104,0,292,5,7,4107,0,292.0,5.0,7.0,4107.0,1731,0.1978319783197832,0.14745224807090757,1.5783783783783785,1
2020-03-26,2027,37,10,31737,0,259,10,0,4633,0,259.0,10.0,0.0,4633.0,1980,0.14649321266968326,0.14106065491460856,0.886986301369863,1
2020-03-27,2404,52,12,37096,0,377,15,2,5359,0,377.0,15.0,2.0,5359.0,2340,0.1859891465219536,0.15635372231423736,1.4555984555984556,1
2020-03-28,2667,60,17,41320,0,263,8,5,4224,0,263.0,8.0,5.0,4224.0,2590,0.10940099833610649,0.156603020693905,0.6976127320954907,1
2020-03-29,2826,78,23,44168,0,159,18,6,2848,0,159.0,18.0,6.0,2848.0,2725,0.05961754780652419,0.13986657673081015,0.6045627376425855,1
2020-03-30,3010,108,28,49327,0,184,30,5,5159,0,184.0,30.0,5.0,5159.0,2874,0.06510969568294409,0.11332212020344232,1.1572327044025157,1
2020-03-31,3314,129,35,55988,0,304,21,7,6661,0,304.0,21.0,7.0,6661.0,3150,0.1009966777408638,0.10422281321767843,1.6521739130434783,1
2020-04-01,3597,175,43,62090,0,283,46,8,6102,0,283.0,46.0,8.0,6102.0,3379,0.08539529269764635,0.08410404245281697,0.930921052631579,1
2020-04-02,3865,217,49,68763,0,268,42,6,6673,0,268.0,42.0,6.0,6673.0,3599,0.07450653322212955,0.0771251494300216,0.9469964664310954,1
2020-04-03,4198,285,57,76161,0,333,68,8,7398,0,333.0,68.0,8.0,7398.0,3856,0.08615782664941785,0.08243320519860034,1.242537313432836,1
2020-04-04,4481,331,66,81998,0,283,46,9,5837,0,283.0,46.0,9.0,5837.0,4084,0.0674130538351596,0.08289387682904344,0.8498498498498499,1
2020-04-05,4598,373,74,86810,0,117,42,8,4812,0,117.0,42.0,8.0,4812.0,4151,0.026110243249274717,0.06791658993072561,0.4134275618374558,1
2020-04-06,4834,471,82,93245,0,236,98,8,6435,0,236.0,98.0,8.0,6435.0,4281,0.05132666376685516,0.06110286414456738,2.017094017094017,1
2020-04-07,5030,593,92,101418,0,196,122,10,8173,0,196.0,122.0,10.0,8173.0,4345,0.04054613156805958,0.054310783813753385,0.8305084745762712,1
2020-04-08,5324,708,107,109887,0,294,115,15,8469,0,294.0,115.0,15.0,8469.0,4509,0.0584493041749503,0.04876907931885986,1.5,1
2020-04-09,5581,891,117,118067,0,257,183,10,8180,0,257.0,183.0,10.0,8180.0,4573,0.04827197595792637,0.044940863743413224,0.8741496598639455,1
2020-04-10,5744,1040,128,123769,0,163,149,11,5702,0,163.0,149.0,11.0,5702.0,4576,0.02920623544167712,0.04556006218189371,0.6342412451361867,1
2020-04-11,5914,1176,136,128660,0,170,136,8,4891,0,170.0,136.0,8.0,4891.0,4602,0.029596100278551533,0.04121394948423298,1.0429447852760736,1
2020-04-12,6003,1288,146,131910,0,89,112,10,3250,0,89.0,112.0,10.0,3250.0,4569,0.015049036185322962,0.036114530407685655,0.5235294117647059,1
2020-04-13,6071,1415,157,135125,0,68,127,11,3215,0,68.0,127.0,11.0,3215.0,4499,0.01132766949858404,0.026690203472412403,0.7640449438202247,1
2020-04-14,6153,1613,166,141298,0,82,198,9,6173,0,82.0,198.0,9.0,6173.0,4374,0.013506835776643057,0.019737175436155743,1.2058823529411764,1
2020-04-15,6313,1825,166,149774,0,160,212,0,8476,0,160.0,212.0,0.0,8476.0,4322,0.0260035754916301,0.01909664344614634,1.951219512195122,1
2020-04-16,6445,2103,168,158155,0,132,278,2,8381,0,132.0,278.0,2.0,8381.0,4174,0.020909234912086173,0.017359270372853265,0.825,1
2020-04-17,6561,2431,176,166443,0,116,328,8,8288,0,116.0,328.0,8.0,8288.0,3954,0.01799844840961986,0.01794915281771265,0.8787878787878788,1
2020-04-18,6666,2600,180,172048,0,105,169,4,5605,0,105.0,169.0,4.0,5605.0,3886,0.01600365797896662,0.01888435051378916,0.9051724137931034,1
2020-04-19,6758,2757,189,176075,0,92,157,9,4027,0,92.0,157.0,9.0,4027.0,3812,0.013801380138013802,0.01894325938606331,0.8761904761904762,1
2020-04-20,6912,2999,196,182642,0,154,242,7,6567,0,154.0,242.0,7.0,6567.0,3717,0.022787807043503996,0.01830010569643809,1.673913043478261,1
2020-04-21,7045,3236,204,190983,0,133,237,8,8341,0,133.0,237.0,8.0,8341.0,3605,0.019241898148148147,0.017966638343650487,0.8636363636363636,1
2020-04-22,7144,3548,206,199801,0,99,312,2,8818,0,99.0,312.0,2.0,8818.0,3390,0.014052519517388219,0.017177452565204157,0.7443609022556391,1
2020-04-23,7199,3785,212,207702,0,55,237,6,7901,0,55.0,237.0,6.0,7901.0,3202,0.007698768197088466,0.015516474608828526,0.5555555555555556,1
2020-04-24,7285,4047,218,214831,0,86,262,6,7129,0,86.0,262.0,6.0,7129.0,3020,0.011946103625503543,0.015145419306326475,1.5636363636363637,1
2020-04-25,7364,4195,222,219277,0,79,148,4,4446,0,79.0,148.0,4.0,4446.0,2947,0.01084420041180508,0.012756697979986692,0.9186046511627907,1
2020-04-26,7416,4277,224,222658,0,52,82,2,3381,0,52.0,82.0,2.0,3381.0,2915,0.007061379684953829,0.010320594287347828,0.6582278481012658,1
2020-04-27,7457,4478,225,230412,0,41,201,1,7754,0,41.0,201.0,1.0,7754.0,2754,0.005528586839266451,0.008615807751723475,0.7884615384615384,1
2020-04-28,7517,4647,229,239153,0,60,169,4,8741,0,60.0,169.0,4.0,8741.0,2641,0.008046131151937776,0.008685280342693336,1.4634146341463414,1
2020-04-29,7592,4842,234,246475,0,75,195,5,7322,0,75.0,195.0,5.0,7322.0,2516,0.009977384594918185,0.008291536536576265,1.25,1
2020-04-30,7696,5051,242,253871,0,104,209,8,7396,0,104.0,209.0,8.0,7396.0,2403,0.0136986301369863,0.008862422481612507,1.3866666666666667,1
2020-05-01,7751,5183,250,258368,0,55,132,8,4497,0,55.0,132.0,8.0,4497.0,2318,0.007146569646569647,0.00887946047393567,0.5288461538461539,1
2020-05-02,7769,5281,251,262253,0,18,98,1,3885,0,18.0,98.0,1.0,3885.0,2237,0.002322280996000516,0.008238199305282485,0.32727272727272727,1
2020-05-03,7795,5408,254,266134,0,26,127,3,3881,0,26.0,127.0,3.0,3881.0,2133,0.0033466340584373793,0.007298299886582406,1.4444444444444444,1
2020-05-04,7833,5575,259,273890,0,38,167,5,7756,0,38.0,167.0,5.0,7756.0,1999,0.004874919820397691,0.006277806931678306,1.4615384615384615,1
2020-05-05,7910,5753,262,283273,0,77,178,3,9383,0,77.0,178.0,3.0,9383.0,1895,0.009830205540661306,0.0055041220124133075,2.026315789473684,1
2020-05-06,7989,5933,265,291325,0,79,180,3,8052,0,79.0,180.0,3.0,8052.0,1791,0.009987357774968394,0.006072279638093057,1.025974025974026,1
2020-05-07,8047,6106,269,298924,0,58,173,4,7599,0,58.0,173.0,4.0,7599.0,1672,0.007259982475904369,0.007059819934073829,0.7341772151898734,1
2020-05-08,8093,6177,274,303434,0,46,71,5,4510,0,46.0,71.0,5.0,4510.0,1642,0.005716416055672921,0.007533776333520936,0.7931034482758621,1
2020-05-09,8111,6255,277,307222,0,18,78,3,3788,0,18.0,78.0,3.0,3788.0,1579,0.0022241443222537995,0.007003621233892157,0.391304347826087,1
2020-05-10,8139,6308,280,311274,0,28,53,3,4052,0,28.0,53.0,3.0,4052.0,1551,0.0034521020835901863,0.005728000542477934,1.5555555555555556,1
2020-05-11,8195,6446,282,319083,0,56,138,2,7809,0,56.0,138.0,2.0,7809.0,1467,0.006880452143998034,0.005106619416283862,2.0,1
2020-05-12,8240,6537,285,327838,0,45,91,3,8755,0,45.0,91.0,3.0,8755.0,1418,0.005491153142159854,0.004752853549534959,0.8035714285714286,1
2020-05-13,8290,6673,289,335525,0,50,136,4,7687,0,50.0,136.0,4.0,7687.0,1328,0.006067961165048544,0.004823162571410083,1.1111111111111112,1
2020-05-14,8372,6779,292,342427,0,82,106,3,6902,0,82.0,106.0,3.0,6902.0,1301,0.009891435464414958,0.006356620799842315,1.64,1
2020-05-15,8427,6869,294,349217,0,55,90,2,6790,0,55.0,90.0,2.0,6790.0,1264,0.006569517439082656,0.00698010387094081,0.6707317073170732,1
2020-05-16,8478,6912,295,353414,0,51,43,1,4197,0,51.0,43.0,1.0,4197.0,1271,0.006051975792096832,0.006814408600560569,0.9272727272727272,1
2020-05-17,8498,6961,297,356967,0,20,49,2,3553,0,20.0,49.0,2.0,3553.0,1240,0.0023590469450342063,0.006187987361135439,0.39215686274509803,1
2020-05-18,8611,7057,300,364425,0,113,96,3,7458,0,113.0,96.0,3.0,7458.0,1254,0.013297246410920217,0.007633844410309773,5.65,1
2020-05-19,8673,7119,302,372761,0,62,62,2,8336,0,62.0,62.0,2.0,8336.0,1252,0.007200092904424573,0.007095575898311697,0.5486725663716814,1
2020-05-20,8747,7210,307,380279,0,74,91,5,7518,0,74.0,91.0,5.0,7518.0,1230,0.008532226449901995,0.007488117700475565,1.1935483870967742,1
2020-05-21,8782,7301,310,387569,0,35,91,3,7290,0,35.0,91.0,3.0,7290.0,1171,0.004001371898936778,0.007077996921843554,0.47297297297297297,1
2020-05-22,8841,7362,312,395317,0,59,61,2,7748,0,59.0,61.0,2.0,7748.0,1167,0.006718287406057845,0.007949845014048282,1.6857142857142857,1
2020-05-23,8918,7402,313,400376,0,77,40,1,5059,0,77.0,40.0,1.0,5059.0,1203,0.00870942201108472,0.007032280134081183,1.305084745762712,1
2020-05-24,8983,7434,314,404225,0,65,32,1,3849,0,65.0,32.0,1.0,3849.0,1235,0.007288629737609329,0.0070499875007181325,0.8441558441558441,1
2020-05-25,9030,7522,315,411733,0,47,88,1,7508,0,47.0,88.0,1.0,7508.0,1193,0.005232105087387287,0.006389963228215191,0.7230769230769231,1
2020-05-26,9081,7602,316,418974,0,51,80,1,7241,0,51.0,80.0,1.0,7241.0,1163,0.005647840531561462,0.006719256954740129,1.0851063829787233,1
2020-05-27,9118,7683,316,425820,0,37,81,0,6846,0,37.0,81.0,0.0,6846.0,1119,0.00407444114084352,0.0061904877016972625,0.7254901960784313,1
2020-05-28,9172,7731,318,431833,0,54,48,2,6013,0,54.0,48.0,2.0,6013.0,1123,0.005922351392849309,0.005633073578050181,1.4594594594594594,1
2020-05-29,9229,7794,318,437946,0,57,63,0,6113,0,57.0,63.0,0.0,6113.0,1117,0.006214566070649804,0.005418260844658277,1.0555555555555556,1
2020-05-30,9263,7835,318,441494,0,34,41,0,3548,0,34.0,41.0,0.0,3548.0,1110,0.003684039440892838,0.005108647715359386,0.5964912280701754,1
2020-05-31,9301,7859,318,443635,0,38,24,0,2141,0,38.0,24.0,0.0,2141.0,1124,0.004102342653567959,0.0047995481397606855,1.1176470588235294,1
2020-06-01,9335,7935,320,449356,0,34,76,2,5721,0,34.0,76.0,2.0,5721.0,1080,0.0036555209117299214,0.004715764093937966,0.8947368421052632,1
2020-06-02,9398,8021,321,455834,0,63,86,1,6478,0,63.0,86.0,1.0,6478.0,1056,0.00674879485806106,0.004881052786980316,1.8529411764705883,1
2020-06-03,9472,8100,322,461147,0,74,79,1,5313,0,74.0,79.0,1.0,5313.0,1050,0.007874015748031496,0.005212942722456655,1.1746031746031746,1
2020-06-04,9533,8156,325,466158,0,61,56,3,5011,0,61.0,56.0,3.0,5011.0,1052,0.006440033783783784,0.005764141591034844,0.8243243243243243,1
2020-06-05,9568,8224,325,470331,0,35,68,0,4173,0,35.0,68.0,0.0,4173.0,1019,0.003671457043952586,0.005677964469111769,0.5737704918032787,1
2020-06-06,9606,8246,325,472481,0,38,22,0,2150,0,38.0,22.0,0.0,2150.0,1035,0.003971571906354515,0.005741174668036688,1.0857142857142856,1
2020-06-07,9667,8270,326,474608,0,61,24,1,2127,0,61.0,24.0,1.0,2127.0,1071,0.006350197793046013,0.005661455255033679,1.605263157894737,1
2020-06-08,9736,8322,326,479292,0,69,52,0,4684,0,69.0,52.0,0.0,4684.0,1088,0.007137684907416985,0.005514189086910777,1.1311475409836065,1
2020-06-09,9791,8370,327,483844,0,55,48,1,4552,0,55.0,48.0,1.0,4552.0,1094,0.005649137222678718,0.005356009774689763,0.7971014492753623,1
2020-06-10,9864,8443,328,487912,0,73,73,1,4068,0,73.0,73.0,1.0,4068.0,1093,0.007455826779695639,0.006112883721838374,1.3272727272727274,1
2020-06-11,9928,8490,329,491651,0,64,47,1,3739,0,64.0,47.0,1.0,3739.0,1109,0.006488240064882401,0.006616217353543952,0.8767123287671232,1
2020-06-12,9980,8551,330,495377,0,52,61,1,3726,0,52.0,61.0,1.0,3726.0,1099,0.005237711522965351,0.0063937200995278195,0.8125,1
2020-06-13,10033,8574,330,497029,0,53,23,0,1652,0,53.0,23.0,0.0,1652.0,1129,0.00531062124248497,0.006028307366541416,1.0192307692307692,1
2020-06-14,10066,8586,331,498150,0,33,12,1,1121,0,33.0,12.0,1.0,1121.0,1149,0.0032891458187979668,0.005556309085765265,0.6226415094339622,1
2020-06-15,10106,8627,332,501823,0,40,41,1,3673,0,40.0,41.0,1.0,3673.0,1147,0.00397377309755613,0.004859898349337364,1.2121212121212122,1
2020-06-16,10153,8689,333,505846,0,47,62,1,4023,0,47.0,62.0,1.0,4023.0,1131,0.004650702552938848,0.004492390846948653,1.175,1
2020-06-17,10204,8747,334,509882,0,51,58,1,4036,0,51.0,58.0,1.0,4036.0,1123,0.005023145868216291,0.004449477715998841,1.0851063829787233,1
2020-06-18,10322,8799,336,514285,0,118,52,2,4403,0,118.0,52.0,2.0,4403.0,1187,0.011564092512740102,0.005700171970049867,2.3137254901960786,1
2020-06-19,10448,8852,337,517859,0,126,53,1,3574,0,126.0,53.0,1.0,3574.0,1259,0.01220693664018601,0.007483730134327476,1.0677966101694916,1
2020-06-20,10491,8869,338,519558,0,43,17,1,1699,0,43.0,17.0,1.0,1699.0,1284,0.004115620214395099,0.0075120995576952706,0.3412698412698413,1
2020-06-21,10541,8886,339,520871,0,50,17,1,1313,0,50.0,17.0,1.0,1313.0,1316,0.0047659898961014205,0.0075351570263277835,1.1627906976744187,1
2020-06-22,10605,8943,340,524781,0,64,57,1,3910,0,64.0,57.0,1.0,3910.0,1322,0.0060715302153495875,0.007744833895754444,1.28,1
2020-06-23,10694,8999,340,529348,0,89,56,0,4567,0,89.0,56.0,0.0,4567.0,1355,0.008392267798208392,0.0071104689528481025,1.390625,1
2020-06-24,10821,9079,344,533635,0,127,80,4,4287,0,127.0,80.0,4.0,4287.0,1398,0.011875818215821956,0.007044245267975291,1.4269662921348314,1
2020-06-25,10914,9166,344,537682,0,93,87,0,4047,0,93.0,87.0,0.0,4047.0,1404,0.008594399778209038,0.007940001180738078,0.7322834645669292,1
2020-06-26,11082,9243,345,542215,0,168,77,1,4533,0,168.0,77.0,1.0,4533.0,1494,0.015393073117097306,0.010065417824937256,1.8064516129032258,1
2020-06-27,11342,9266,346,544769,0,260,23,1,2554,0,260.0,23.0,1.0,2554.0,1730,0.02346146904890814,0.013543405591648966,1.5476190476190477,1
2020-06-28,11647,9287,346,547192,0,305,21,0,2423,0,305.0,21.0,0.0,2423.0,2014,0.026891200846411566,0.017243192201289604,1.1730769230769231,1
2020-06-29,11848,9341,346,551677,0,201,54,0,4485,0,201.0,54.0,0.0,4485.0,2161,0.017257662917489484,0.018319561141623107,0.659016393442623,1
2020-06-30,11997,9406,347,556089,0,149,65,1,4412,0,149.0,65.0,1.0,4412.0,2244,0.012575962187711006,0.019115873623523502,0.7412935323383084,1
2020-07-01,12088,9531,347,560682,0,91,125,0,4593,0,91.0,125.0,0.0,4593.0,2210,0.00758522964074352,0.017554304928252742,0.610738255033557,1
2020-07-02,12220,9625,348,565347,0,132,94,1,4665,0,132.0,94.0,1.0,4665.0,2247,0.010919920582395765,0.015045995234950269,1.4505494505494505,1
2020-07-03,12360,9716,348,570456,0,140,91,0,5109,0,140.0,91.0,0.0,5109.0,2296,0.011456628477905073,0.011959080761248969,1.0606060606060606,1
2020-07-04,12481,9761,350,572143,0,121,45,2,1687,0,121.0,45.0,2.0,1687.0,2370,0.009789644012944984,0.01046547698034007,0.8642857142857143,1
2020-07-05,12556,9793,352,573667,0,75,32,2,1524,0,75.0,32.0,2.0,1524.0,2411,0.006009133883502924,0.009152111319498453,0.6198347107438017,1
2020-07-06,12607,9835,353,575381,0,51,42,1,1714,0,51.0,42.0,1.0,1714.0,2419,0.00406180312201338,0.008447426015752425,0.68,1
2020-07-07,12725,9942,353,579540,0,118,107,0,4159,0,118.0,107.0,0.0,4159.0,2430,0.009359879432061553,0.008135417785685582,2.3137254901960786,1
2020-07-08,12854,10182,353,584946,0,129,240,0,5406,0,129.0,240.0,0.0,5406.0,2319,0.010137524557956778,0.007871597001695924,1.0932203389830508,1
2020-07-09,12959,10318,354,589628,0,105,136,1,4682,0,105.0,136.0,1.0,4682.0,2287,0.008168663451065816,0.007547400889320091,0.813953488372093,1
2020-07-10,13100,10499,354,594961,0,141,181,0,5333,0,141.0,181.0,0.0,5333.0,2247,0.010880469172004012,0.00852166794702031,1.3428571428571427,1
2020-07-11,13153,10701,354,597282,0,53,202,0,2321,0,53.0,202.0,0.0,2321.0,2098,0.0040458015267175575,0.008518467627961143,0.375886524822695,1
2020-07-12,13212,10908,355,599069,0,59,207,1,1787,0,59.0,207.0,1.0,1787.0,1949,0.004485668668744773,0.007543625475297787,1.1132075471698113,1
2020-07-13,13276,11192,356,603493,0,64,284,1,4424,0,64.0,284.0,1.0,4424.0,1728,0.004844081138359067,0.006484936791378246,1.0847457627118644,1
2020-07-14,13380,11352,358,608295,0,104,160,2,4802,0,104.0,160.0,2.0,4802.0,1670,0.00783368484483278,0.006417941070131638,1.625,1
2020-07-15,13514,11472,358,612989,0,134,120,0,4694,0,134.0,120.0,0.0,4694.0,1684,0.010014947683109118,0.006244836772352659,1.2884615384615385,1
2020-07-16,13651,11612,358,617719,0,137,140,0,4730,0,137.0,140.0,0.0,4730.0,1681,0.010137635045138375,0.007463203476036823,1.0223880597014925,1
2020-07-17,13779,11792,360,622446,0,128,180,2,4727,0,128.0,180.0,2.0,4727.0,1627,0.0093766024467072,0.008441390231629308,0.9343065693430657,1
2020-07-18,13891,11865,360,624780,0,112,73,0,2334,0,112.0,73.0,0.0,2334.0,1666,0.00812831119820016,0.009098236243597527,0.875,1
2020-07-19,13982,11913,361,626610,0,91,48,1,1830,0,91.0,48.0,1.0,1830.0,1708,0.006551004247354402,0.008841700124101851,0.8125,1
2020-07-20,14150,12027,361,632395,0,168,114,0,5785,0,168.0,114.0,0.0,5785.0,1762,0.012015448433700473,0.009241800274220122,1.8461538461538463,1
2020-07-21,14357,12148,363,638484,0,207,121,2,6089,0,207.0,121.0,2.0,6089.0,1846,0.014628975265017668,0.01014006831819598,1.2321428571428572,1
2020-07-22,14602,12267,365,645093,0,245,119,2,6609,0,245.0,119.0,2.0,6609.0,1970,0.017064846416382253,0.011677717112130993,1.183574879227053,1
2020-07-23,14833,12365,366,650650,0,231,98,1,5557,0,231.0,98.0,1.0,5557.0,2102,0.015819750719079578,0.013216005016306875,0.9428571428571428,1
2020-07-24,15111,12455,369,656888,0,278,90,3,6238,0,278.0,90.0,3.0,6238.0,2287,0.0187419942021169,0.015654203007259372,1.2034632034632036,1
2020-07-25,15243,12516,371,660225,0,132,61,2,3337,0,132.0,61.0,2.0,3337.0,2356,0.008735358348223149,0.01499818499016391,0.4748201438848921,1
2020-07-26,15357,12572,372,662011,0,114,56,1,1786,0,114.0,56.0,1.0,1786.0,2413,0.007478842747490651,0.013568158486658507,0.8636363636363636,1
2020-07-27,15551,12699,374,668565,0,194,127,2,6554,0,194.0,127.0,2.0,6554.0,2478,0.012632675652796771,0.012681724333941411,1.7017543859649122,1
2020-07-28,15827,12816,376,676474,0,276,117,2,7909,0,276.0,117.0,2.0,7909.0,2635,0.017748054787473475,0.01306738514762019,1.422680412371134,1
2020-07-29,16101,12933,378,683983,0,274,117,2,7509,0,274.0,117.0,2.0,7509.0,2790,0.01731218803310798,0.012781423913818405,0.9927536231884058,1
2020-07-30,16355,13078,380,691606,0,254,145,2,7623,0,254.0,145.0,2.0,7623.0,2897,0.01577541767592075,0.014189435779357926,0.927007299270073,1
2020-07-31,16586,13271,382,699812,0,231,193,2,8206,0,231.0,193.0,2.0,8206.0,2933,0.014124121063894834,0.015518491442638763,0.9094488188976378,1
2020-08-01,16710,13346,384,704520,0,124,75,2,4708,0,124.0,75.0,2.0,4708.0,2980,0.007476184734113107,0.014487193258902029,0.5367965367965368,1
2020-08-02,16811,13439,386,707167,0,101,93,2,2647,0,101.0,93.0,2.0,2647.0,2986,0.006044284859365649,0.012146439273280464,0.8145161290322581,1
2020-08-03,17019,13664,388,714913,0,208,225,2,7746,0,208.0,225.0,2.0,7746.0,2967,0.012372851109392659,0.011158571888537399,2.0594059405940595,1
2020-08-04,17306,13897,390,723327,0,287,233,2,8414,0,287.0,233.0,2.0,8414.0,3019,0.016863505493859805,0.01137618945212521,1.3798076923076923,1
2020-08-05,17547,14094,391,730272,0,241,197,1,6945,0,241.0,197.0,1.0,6945.0,3062,0.013925806078816596,0.011336526455109564,0.8397212543554007,1
2020-08-06,17761,14327,392,737634,0,214,233,1,7362,0,214.0,233.0,1.0,7362.0,3042,0.012195816948766171,0.012280452898040176,0.8879668049792531,1
2020-08-07,18083,14589,392,746840,0,322,262,0,9206,0,322.0,262.0,0.0,9206.0,3102,0.018129609819266933,0.014697517890020434,1.5046728971962617,1
2020-08-08,18256,14710,392,752351,0,173,121,0,5511,0,173.0,121.0,0.0,5511.0,3154,0.009566996626665929,0.014136346993475088,0.5372670807453416,1
2020-08-09,18378,14774,393,755279,0,122,64,1,2928,0,122.0,64.0,1.0,2928.0,3211,0.00668273444347064,0.012100192783397256,0.7052023121387283,1
2020-08-10,18519,15080,393,761762,0,141,306,0,6483,0,141.0,306.0,0.0,6483.0,3046,0.007672216780933725,0.01084947492382068,1.1557377049180328,1
2020-08-11,18807,15330,395,770455,0,288,250,2,8693,0,288.0,250.0,2.0,8693.0,3082,0.01555159565851288,0.011520630665770021,2.0425531914893615,1
2020-08-12,19096,15562,395,778377,0,289,232,0,7922,0,289.0,232.0,0.0,7922.0,3139,0.015366618812144415,0.010968032464345518,1.0034722222222223,1
2020-08-13,19426,15782,396,785789,0,330,220,1,7412,0,330.0,220.0,1.0,7412.0,3248,0.01728110599078341,0.012510854337169013,1.1418685121107266,1
2020-08-14,19717,16029,398,793788,0,291,247,2,7999,0,291.0,247.0,2.0,7999.0,3290,0.014979923813445897,0.014170292211164065,0.8818181818181818,1
2020-08-15,19914,16136,400,798901,0,197,107,2,5113,0,197.0,107.0,2.0,5113.0,3378,0.009991377998681342,0.014634124454713588,0.6769759450171822,1
2020-08-16,20035,16212,402,801880,0,121,76,2,2979,0,121.0,76.0,2.0,2979.0,3421,0.006076127347594657,0.012739030792529946,0.6142131979695431,1
2020-08-17,20226,16493,406,809132,0,191,281,4,7252,0,191.0,281.0,4.0,7252.0,3327,0.009533316695782381,0.011572370369257538,1.578512396694215,1
2020-08-18,20507,16769,406,816822,0,281,276,0,7690,0,281.0,276.0,0.0,7690.0,3332,0.013893008998318995,0.010894750970764654,1.4712041884816753,1
2020-08-19,20820,17040,409,824477,0,313,271,3,7655,0,313.0,271.0,3.0,7655.0,3371,0.01526308089920515,0.010951382387916504,1.113879003558719,1
2020-08-20,21066,17282,412,832715,0,246,242,3,8238,0,246.0,242.0,3.0,8238.0,3372,0.01181556195965418,0.011316219180111073,0.7859424920127795,1
2020-08-21,21570,17548,415,842427,0,504,266,3,9712,0,504.0,266.0,3.0,9712.0,3607,0.023924807747080605,0.01488595526000826,2.048780487804878,1
2020-08-22,21804,17674,415,847545,0,234,126,0,5118,0,234.0,126.0,0.0,5118.0,3715,0.010848400556328233,0.015148972032117434,0.4642857142857143,1
2020-08-23,21940,17765,418,849949,0,136,91,3,2404,0,136.0,91.0,3.0,2404.0,3757,0.006237387635296276,0.013617847759512889,0.5811965811965812,1
2020-08-24,22199,18046,419,857362,0,259,281,1,7413,0,259.0,281.0,1.0,7413.0,3734,0.011804922515952597,0.01292621608286238,1.9044117647058822,1
2020-08-25,22563,18324,421,866125,0,364,278,2,8763,0,364.0,278.0,2.0,8763.0,3818,0.016397135006081354,0.013842530692147813,1.4054054054054055,1
2020-08-26,22959,18596,422,875010,0,396,272,1,8885,0,396.0,272.0,1.0,8885.0,3941,0.017550857598723574,0.012567740662476406,1.0879120879120878,1
2020-08-27,23309,18927,422,884208,0,350,331,0,9198,0,350.0,331.0,0.0,9198.0,3960,0.015244566400975653,0.01344697383140589,0.8838383838383839,1
2020-08-28,23794,19195,422,895036,0,485,268,0,10828,0,485.0,268.0,0.0,10828.0,4177,0.020807413445450257,0.016360978993436685,1.3857142857142857,1
2020-08-29,24114,19346,425,901609,0,320,151,3,6573,0,320.0,151.0,3.0,6573.0,4343,0.013448768597125326,0.016689748209671233,0.6597938144329897,1
2020-08-30,24388,19443,426,905555,0,274,97,1,3946,0,274.0,97.0,1.0,3946.0,4519,0.01136269387078046,0.015682859982611055,0.85625,1
2020-08-31,24644,19770,427,914926,0,256,327,1,9371,0,256.0,327.0,1.0,9371.0,4447,0.010496965720846317,0.014272081607035603,0.9343065693430657,1
2020-09-01,25142,20049,428,926063,0,498,279,1,11137,0,498.0,279.0,1.0,11137.0,4665,0.02020775848076611,0.015264720022993694,1.9453125,1
2020-09-02,25787,20376,428,937873,0,645,327,0,11810,0,645.0,327.0,0.0,11810.0,4983,0.025654283668761435,0.01623409406765593,1.2951807228915662,1
2020-09-03,26462,20745,432,949414,0,675,369,4,11541,0,675.0,369.0,4.0,11541.0,5285,0.02617598014503432,0.018779536377237727,1.0465116279069768,1
2020-09-04,27259,21081,435,963068,0,797,336,3,13654,0,797.0,336.0,3.0,13654.0,5743,0.030118660721033936,0.022530729747288425,1.1807407407407406,1
2020-09-05,27763,21243,440,970536,0,504,162,5,7468,0,504.0,162.0,5.0,7468.0,6080,0.01848930628416303,0.024129197859951768,0.6323713927227101,1
2020-09-06,28173,21373,443,975073,0,410,130,3,4537,0,410.0,130.0,3.0,4537.0,6357,0.014767856499657818,0.023041217463730106,0.8134920634920635,1
2020-09-07,28734,21793,445,986677,0,561,420,2,11604,0,561.0,420.0,2.0,11604.0,6496,0.019912682355446704,0.021892897201067164,1.3682926829268294,1
2020-09-08,29895,22137,450,1002792,0,1161,344,5,16115,0,1161.0,344.0,5.0,16115.0,7308,0.040405095009396534,0.024738720173939608,2.06951871657754,1
2020-09-09,31053,22545,453,1018299,0,1158,408,3,15507,0,1158.0,408.0,3.0,15507.0,8055,0.038735574510787754,0.026462102931890368,0.9974160206718347,1
2020-09-10,32436,23105,458,1034812,0,1383,560,5,16513,0,1383.0,560.0,5.0,16513.0,8873,0.0445367597333591,0.03167159362172958,1.194300518134715,1
2020-09-11,33878,23975,461,1054029,0,1442,870,3,19217,0,1442.0,870.0,3.0,19217.0,9442,0.04445677642126033,0.037609377606050085,1.0426608821402747,1
2020-09-12,35415,24701,467,1067346,0,1537,726,6,13317,0,1537.0,726.0,6.0,13317.0,10247,0.04536867583682626,0.042700576302326,1.065880721220527,1
2020-09-13,36206,25403,472,1074436,0,791,702,5,7090,0,791.0,702.0,5.0,7090.0,10331,0.022335168713821827,0.03908659104321105,0.5146389069616135,1
2020-09-14,37234,26379,478,1091955,0,1028,976,6,17519,0,1028.0,976.0,6.0,17519.0,10377,0.028393084019223334,0.037018092944898176,1.299620733249052,1
2020-09-15,38910,26927,488,1112416,0,1676,548,10,20461,0,1676.0,548.0,10.0,20461.0,11495,0.04501262287156899,0.03711326557254015,1.6303501945525292,1
2020-09-16,41043,27263,495,1133003,0,2133,336,7,20587,0,2133.0,336.0,7.0,20587.0,13285,0.05481881264456438,0.03918567281720096,1.272673031026253,1
2020-09-17,44168,28132,502,1156596,0,3125,869,7,23593,0,3125.0,869.0,7.0,23593.0,15534,0.07613965840703653,0.04533986933124301,1.465072667604313,1
2020-09-18,46276,29184,514,1178176,0,2108,1052,12,21580,0,2108.0,1052.0,12.0,21580.0,16578,0.04772686107589205,0.05041820780365706,0.67456,1
2020-09-19,48321,30233,522,1193407,0,2045,1049,8,15231,0,2045.0,1049.0,8.0,15231.0,17566,0.04419137349814158,0.05357786569944071,0.9701138519924098,1
2020-09-20,49305,31423,528,1203968,0,984,1190,6,10561,0,984.0,1190.0,6.0,10561.0,17354,0.020363816973986464,0.048648104519924205,0.4811735941320293,1
2020-09-21,50781,33001,543,1223378,0,1476,1578,15,19410,0,1476.0,1578.0,15.0,19410.0,17237,0.029936111956191055,0.04367156438224954,1.5,1
2020-09-22,53168,34019,553,1245778,0,2387,1018,10,22400,0,2387.0,1018.0,10.0,22400.0,18596,0.04700576987455938,0.037844786675754104,1.617208672086721,1
2020-09-23,55474,34870,575,1268223,0,2306,851,22,22445,0,2306.0,851.0,22.0,22445.0,20029,0.04337195305446885,0.03697380507146947,0.9660661918726435,1
2020-09-24,58380,36400,585,1291386,0,2906,1530,10,23163,0,2906.0,1530.0,10.0,23163.0,21395,0.05238490103471897,0.03861251057878494,1.2601908065915004,1
2020-09-25,61325,38341,595,1314518,0,2945,1941,10,23132,0,2945.0,1941.0,10.0,23132.0,22389,0.050445357999314835,0.04462881878385062,1.0134205092911217,1
2020-09-26,63306,40005,611,1329906,0,1981,1664,16,15388,0,1981.0,1664.0,16.0,15388.0,22690,0.03230330207908683,0.04510225680842977,0.6726655348047538,1
2020-09-27,64610,42028,627,1340374,0,1304,2023,16,10468,0,1304.0,2023.0,16.0,10468.0,21955,0.020598363504249203,0.03982077553436773,0.6582534073700151,1
2020-09-28,65894,44002,638,1352592,0,1284,1974,11,12218,0,1284.0,1974.0,11.0,12218.0,21254,0.019873084661817055,0.03512100185583738,0.9846625766871165,1
2020-09-29,67857,45734,659,1370914,0,1963,1732,21,18322,0,1963.0,1732.0,21.0,18322.0,21464,0.029790269220262847,0.030602075492946156,1.5288161993769471,1
2020-09-30,70782,47047,675,1392006,0,2925,1313,16,21092,0,2925.0,1313.0,16.0,21092.0,23060,0.043105353906008226,0.029134074674284832,1.490066225165563,1
2020-10-01,74285,49030,704,1415927,0,3503,1983,29,23921,0,3503.0,1983.0,29.0,23921.0,24551,0.04948998332909497,0.03257141092428646,1.1976068376068376,1
2020-10-02,78080,51451,725,1439566,0,3795,2421,21,23639,0,3795.0,2421.0,21.0,23639.0,25904,0.05108702968297772,0.038669144160032164,1.0833571224664573,1
2020-10-03,80634,53701,738,1454767,0,2554,2250,13,15201,0,2554.0,2250.0,13.0,15201.0,26195,0.03271004098360656,0.04123653542439006,0.6729907773386035,1
2020-10-04,82475,55904,773,1462543,0,1841,2203,35,7776,0,1841.0,2203.0,35.0,7776.0,25798,0.022831559887888483,0.03984479355791519,0.7208300704776821,1
2020-10-05,85593,58798,802,1480311,0,3118,2894,29,17768,0,3118.0,2894.0,29.0,17768.0,25993,0.03780539557441649,0.038784801891596846,1.6936447582835417,1
2020-10-06,90051,60805,840,1503364,0,4458,2007,38,23053,0,4458.0,2007.0,38.0,23053.0,28406,0.052083698433283095,0.03930354491243447,1.429762668377165,1
2020-10-07,95387,62330,891,1527415,0,5336,1525,51,24051,0,5336.0,1525.0,51.0,24051.0,32166,0.059255310879390566,0.040937201151717034,1.1969493046209063,1
2020-10-08,100781,63899,917,1552488,0,5394,1569,26,25073,0,5394.0,1569.0,26.0,25073.0,35965,0.056548586285342865,0.0457049102120643,1.0108695652173914,1
2020-10-09,109399,66147,978,1580231,0,8618,2248,61,27743,0,8618.0,2248.0,61.0,27743.0,42274,0.08551215010765918,0.058241028256018436,1.5977011494252873,1
2020-10-10,114035,68847,1031,1598355,0,4636,2700,53,18124,0,4636.0,2700.0,53.0,18124.0,44157,0.04237698699256849,0.059155346539648844,0.537943838477605,1
2020-10-11,117139,71842,1074,1609859,0,3104,2995,43,11504,0,3104.0,2995.0,43.0,11504.0,44223,0.027219713245933266,0.05418254950217888,0.6695427092320967,1
2020-10-12,121446,75573,1143,1631907,0,4307,3731,69,22048,0,4307.0,3731.0,69.0,22048.0,44730,0.03676828383373599,0.04968514409304796,1.3875644329896908,1
2020-10-13,129770,78078,1196,1663545,0,8324,2505,53,31638,0,8324.0,2505.0,53.0,31638.0,50496,0.06854075062167547,0.05208357696031447,1.9326677501741352,1
2020-10-14,139315,79852,1263,1698404,0,9545,1774,67,34859,0,9545.0,1774.0,67.0,34859.0,58200,0.07355320952454342,0.04969178884369132,1.146684286400769,1
2020-10-15,149039,83266,1325,1733210,0,9724,3414,62,34806,0,9724.0,3414.0,62.0,34806.0,64448,0.0697986577181208,0.05517612298880179,1.018753273965427,1
2020-10-16,160143,88408,1405,1771933,0,11104,5142,80,38723,0,11104.0,5142.0,80.0,38723.0,70330,0.07450398888881433,0.064632978117378,1.141916906622789,1
2020-10-17,168856,93717,1486,1801212,0,8713,5309,81,29279,0,8713.0,5309.0,81.0,29279.0,73653,0.05440762318677682,0.06816084598798616,0.7846721902017291,1
2020-10-18,173915,99221,1569,1818452,0,5059,5504,83,17240,0,5059.0,5504.0,83.0,17240.0,73125,0.029960439664566258,0.06044478379656433,0.580626649833582,1
2020-10-19,181992,105390,1678,1849617,0,8077,6169,109,31165,0,8077.0,6169.0,109.0,31165.0,74924,0.046442227524940344,0.055022587396643716,1.5965605850958688,1
2020-10-20,193977,109859,1787,1890215,0,11985,4469,109,40598,0,11985.0,4469.0,109.0,40598.0,82331,0.06585454305683766,0.05423376446438708,1.4838430110189427,1
2020-10-21,208948,113300,1918,1935460,0,14971,3441,131,45245,0,14971.0,3441.0,131.0,45245.0,93730,0.07717925321043216,0.05476881732871065,1.2491447642886941,1
2020-10-22,223103,118292,2045,1981885,0,14155,4992,127,46425,0,14155.0,4992.0,127.0,46425.0,102766,0.06774412772555852,0.05743611823646698,0.9454946229376795,1
2020-10-23,238351,126902,2170,2027137,0,15248,8610,125,45252,0,15248.0,8610.0,125.0,45252.0,109279,0.06834511414010569,0.06511305313157487,1.0772165312610384,1
2020-10-24,250824,135255,2312,2066329,0,12473,8353,142,39192,0,12473.0,8353.0,142.0,39192.0,113257,0.05233038669860836,0.06629068496630848,0.8180089192025184,1
2020-10-25,258124,146308,2466,2087922,0,7300,11053,154,21593,0,7300.0,11053.0,154.0,21593.0,109350,0.029104072975472843,0.05894059095003551,0.5852641706085144,1
2020-10-26,268397,158266,2628,2123519,0,10273,11958,162,35597,0,10273.0,11958.0,162.0,35597.0,107503,0.03979870139932745,0.05146448058781457,1.4072602739726028,1
2020-10-27,284062,167143,2822,2171017,0,15665,8877,194,47498,0,15665.0,8877.0,194.0,47498.0,114097,0.058365033886369815,0.04958866181997683,1.524871021123333,1
2020-10-28,297039,171501,2990,2211140,0,12977,4358,168,40123,0,12977.0,4358.0,168.0,40123.0,122548,0.04568368877216945,0.045056376746389584,0.828407277369933,1
2020-10-29,310090,184654,3189,2253717,0,13051,13153,199,42577,0,13051.0,13153.0,199.0,42577.0,122247,0.04393699143883463,0.04337769769443484,1.0057023965477383,1
2020-10-30,323693,199350,3406,2300539,0,13603,14696,217,46822,0,13603.0,14696.0,217.0,46822.0,120937,0.04386790931665,0.04633046496267027,1.0422956095318365,1
2020-10-31,335121,213871,3600,2336835,0,11428,14521,194,36296,0,11428.0,14521.0,194.0,36296.0,117650,0.03530505756998143,0.04543173619680106,0.8401087995295156,1
2020-11-01,341672,227756,3823,2357478,0,6551,13885,223,20643,0,6551.0,13885.0,223.0,20643.0,110093,0.019548163200754354,0.037668362059677975,0.5732411620581029,1
2020-11-02,350912,243621,4046,2390206,188,9240,15865,223,32728,188,9240.0,15865.0,223.0,32728.0,103245,0.027043480296892925,0.03394032036462267,1.4104716837124103,1
2020-11-03,363002,250304,4307,2433533,490,12090,6683,261,43327,302,12090.0,6683.0,261.0,43327.0,108391,0.03445308225424038,0.03204353852770382,1.3084415584415585,1
2020-11-04,378728,256024,4533,2479017,1123,15726,5720,226,45484,633,15726.0,5720.0,226.0,45484.0,118171,0.04332207536046633,0.031934371736467085,1.3007444168734492,1
2020-11-05,391963,273096,4726,2522250,1962,13235,17072,193,43233,839,13235.0,17072.0,193.0,43233.0,114141,0.03494592425170571,0.03186254507281194,0.8415998982576625,1
2020-11-06,403509,290167,4943,2562575,2525,11546,17071,217,40325,563,11546.0,17071.0,217.0,40325.0,108399,0.029456861999729567,0.033844284832606986,0.8723838307517945,1
2020-11-07,411230,297648,5143,2588818,2809,7721,7481,200,26243,284,7721.0,7481.0,200.0,26243.0,108439,0.01913464135868097,0.03226251704496459,0.6687164385934523,1
2020-11-08,414839,312870,5349,2602545,3083,3609,15222,206,13727,274,3609.0,15222.0,206.0,13727.0,96620,0.008776110692313304,0.027127122732579178,0.46742649915814016,1
2020-11-09,420887,327373,5535,2633012,4421,6048,14503,186,30467,1338,6048.0,14503.0,186.0,30467.0,87979,0.01457914998348757,0.021378537657183422,1.6758104738154613,1
2020-11-10,429944,334081,5749,2670286,10699,9057,6708,214,37274,6278,9057.0,6708.0,214.0,37274.0,90114,0.021518839973674646,0.018693120801577208,1.4975198412698412,1
2020-11-11,438864,339465,5932,2703224,24919,8920,5384,183,32938,14220,8920.0,5384.0,183.0,32938.0,93467,0.02074688796680498,0.016951125994992294,0.9848735784476096,1
2020-11-12,446738,353443,6105,2734398,38243,7874,13978,173,31174,13324,7874.0,13978.0,173.0,31174.0,87190,0.0179417769514018,0.01671255311353646,0.8827354260089686,1
2020-11-13,454096,366714,6284,2765695,51202,7358,13271,179,31297,12959,7358.0,13271.0,179.0,31297.0,81098,0.01647050396429227,0.01825143176793225,0.9344678689357379,1
2020-11-14,458292,378762,6468,2781888,52871,4196,12048,184,16193,1669,4196.0,12048.0,184.0,16193.0,73062,0.009240336845072408,0.01718366914024922,0.5702636586028812,1
2020-11-15,460183,389922,6619,2790909,55825,1891,11160,151,9021,2954,1891.0,11160.0,151.0,9021.0,63642,0.004126190289160623,0.013705139203346414,0.45066730219256435,1
2020-11-16,465601,400072,6792,2816976,74524,5418,10150,173,26067,18699,5418.0,10150.0,173.0,26067.0,58737,0.011773577033484505,0.011910477016682321,2.865150713907985,1
2020-11-17,469846,404048,6931,2834566,79180,4245,3976,139,17590,4656,4245.0,3976.0,139.0,17590.0,58867,0.009117248459517913,0.010145571318305544,0.783499446290144,1
2020-11-18,475360,407324,7086,2859098,101937,5514,3276,155,24532,22757,5514.0,3276.0,155.0,24532.0,60950,0.011735760227819327,0.009198622571010956,1.298939929328622,1
2020-11-19,481830,416603,7220,2885802,109799,6470,9279,134,26704,7862,6470.0,9279.0,134.0,26704.0,58007,0.013610737125546954,0.010072702627105865,1.1733768589046065,1
2020-11-20,487638,425690,7337,2911656,117954,5808,9087,117,25854,8155,5808.0,9087.0,117.0,25854.0,54611,0.012054043957412365,0.011658273360756213,0.8976816074188563,1
2020-11-21,490829,433034,7469,2926240,126681,3191,7344,132,14584,8727,3191.0,7344.0,132.0,14584.0,50326,0.006543788630090354,0.010612315680077382,0.5494146005509641,1
2020-11-22,492337,439382,7596,2933470,131909,1508,6348,127,7230,5228,1508.0,6348.0,127.0,7230.0,45359,0.003072353100570667,0.009403336608287932,0.4725791287997493,1
2020-11-23,496716,446069,7725,2957130,173068,4379,6687,129,23660,41159,4379.0,6687.0,129.0,23660.0,42922,0.008894314260354188,0.008835047414794905,2.9038461538461537,1
2020-11-24,502577,449071,7861,2981761,187601,5861,3002,136,24631,14533,5861.0,3002.0,136.0,24631.0,45645,0.0117994991101555,0.008472799811716615,1.3384334322904772,1
2020-11-25,507506,451039,7984,3004411,202254,4929,1968,123,22650,14653,4929.0,1968.0,123.0,22650.0,48483,0.009807452390379981,0.008023481498310139,0.8409827674458283,1
2020-11-26,511555,458406,8115,3024965,214960,4049,7367,131,20554,12706,4049.0,7367.0,131.0,20554.0,45034,0.007978230799241783,0.008310369932140425,0.8214648001623047,1
2020-11-27,516017,461285,8252,3048360,227216,4462,2879,137,23395,12256,4462.0,2879.0,137.0,23395.0,46480,0.008722424763710646,0.00944038426476842,1.1020004939491232,1
2020-11-28,518684,467770,8369,3060682,235803,2667,6485,117,12322,8587,2667.0,6485.0,117.0,12322.0,42545,0.0051684343732861515,0.008695208287354813,0.5977140295831466,1
2020-11-29,519758,473536,8464,3067132,239435,1074,5766,95,6450,3632,1074.0,5766.0,95.0,6450.0,37758,0.0020706248891425223,0.006749433443152217,0.4026996625421822,1
2020-11-30,523330,478971,8590,3089398,280306,3572,5435,126,22266,40871,3572.0,5435.0,126.0,22266.0,35769,0.006872429092000508,0.006162428783476322,3.3258845437616387,1
2020-12-01,528510,481283,8688,3112582,297427,5180,2312,98,23184,17121,5180.0,2312.0,98.0,23184.0,38539,0.009898152217530048,0.0065464130671339755,1.4501679731243,1
2020-12-02,533071,482703,8803,3135253,312425,4561,1420,115,22671,14998,4561.0,1420.0,115.0,22671.0,41565,0.00862992185578324,0.006527912485548494,0.8805019305019305,1
2020-12-03,537695,488614,8902,3155979,324808,4624,5911,99,20726,12383,4624.0,5911.0,99.0,20726.0,40179,0.008674266654910884,0.007229078941873442,1.0138127603595704,1
2020-12-04,542442,493922,8995,3178756,334146,4747,5308,93,22777,9338,4747.0,5308.0,93.0,22777.0,39525,0.008828425036498387,0.008580638971344614,1.0266003460207613,1
2020-12-05,545754,498084,9124,3191740,337925,3312,4162,129,12984,3779,3312.0,4162.0,129.0,12984.0,38546,0.0061057219020651055,0.008427297533357534,0.6977038129344849,1
2020-12-06,546866,501825,9214,3198435,341319,1112,3741,90,6695,3394,1112.0,3741.0,90.0,6695.0,35827,0.0020375480527856874,0.006855176700408661,0.3357487922705314,1
2020-12-07,551117,506412,9308,3221348,367802,4251,4587,94,22913,26483,4251.0,4587.0,94.0,22913.0,35397,0.007773385070565733,0.0066838693433651595,3.822841726618705,1
2020-12-08,556972,508172,9402,3247543,379563,5855,1760,94,26195,11761,5855.0,1760.0,94.0,26195.0,39398,0.010623878414202429,0.007073791695223468,1.37732298282757,1
2020-12-09,563387,509343,9483,3272811,390830,6415,1171,81,25268,11267,6415.0,1171.0,81.0,25268.0,44561,0.011517634638725106,0.0076116336156688115,1.0956447480785654,1
2020-12-10,569259,514479,9597,3298382,400309,5872,5136,114,25571,9479,5872.0,5136.0,114.0,25571.0,45183,0.010422675709592164,0.008475024377174224,0.9153546375681996,1
2020-12-11,575468,519466,9702,3326847,411208,6209,4987,105,28465,10899,6209.0,4987.0,105.0,28465.0,46300,0.010907161766436718,0.01024894711990443,1.057391008174387,1
2020-12-12,579123,523579,9799,3342934,415455,3655,4113,97,16087,4247,3655.0,4113.0,97.0,16087.0,45745,0.006351352290657343,0.009964540563922753,0.5886616202287003,1
2020-12-13,581121,527684,9906,3351910,419018,1998,4105,107,8976,3563,1998.0,4105.0,107.0,8976.0,43531,0.0034500442911091426,0.008529773739304095,0.5466484268125855,1
2020-12-14,586297,532455,10036,3378288,444402,5176,4771,130,26378,25384,5176.0,4771.0,130.0,26378.0,43806,0.008906922998824686,0.00800763141132401,2.5905905905905904,1
2020-12-15,594205,534380,10141,3410463,457086,7908,1925,105,32175,12684,7908.0,1925.0,105.0,32175.0,49684,0.013488044455284608,0.0086207051604625,1.527820710973725,1
2020-12-16,602463,535837,10255,3442955,477039,8258,1457,114,32492,19953,8258.0,1457.0,114.0,32492.0,56371,0.0138975606061881,0.009218784928412776,1.0442589782498735,1
2020-12-17,610077,542043,10361,3474258,495686,7614,6206,106,31303,18647,7614.0,6206.0,106.0,31303.0,57673,0.012638120515284757,0.010476138573338258,0.9220150157423105,1
2020-12-18,618915,548223,10461,3508276,523119,8838,6180,100,34018,27433,8838.0,6180.0,100.0,34018.0,60231,0.014486695941659824,0.012683468903448394,1.160756501182033,1
2020-12-19,624241,553772,10574,3529621,537124,5326,5549,113,21345,14005,5326.0,5549.0,113.0,21345.0,59895,0.008605381999143662,0.01262316070351219,0.6026250282869428,1
2020-12-20,627644,559235,10672,3541223,549374,3403,5463,98,11602,12250,3403.0,5463.0,98.0,11602.0,57737,0.005451420204696584,0.011015835853394584,0.6389410439354112,1
2020-12-21,635597,565449,10775,3570759,598743,7953,6214,103,29536,49369,7953.0,6214.0,103.0,29536.0,59373,0.012671195773400208,0.010770562886837007,2.337055539230091,1
2020-12-22,646513,568103,10877,3607048,640328,10916,2654,102,36289,41585,10916.0,2654.0,102.0,36289.0,67533,0.01717440453620769,0.011677819691021593,1.3725638123978372,1
2020-12-23,660653,569978,10991,3648916,685089,14140,1875,114,41868,44761,14140.0,1875.0,114.0,41868.0,79684,0.021871176604337423,0.013154715823557114,1.2953462806888971,1
2020-12-24,665026,577563,11102,3659629,693822,4373,7585,111,10713,8733,4373.0,7585.0,111.0,10713.0,76361,0.006619208570913929,0.012757481137911166,0.30926449787835925,1
2020-12-25,667697,585398,11208,3667448,700596,2671,7835,106,7819,6774,2671.0,7835.0,106.0,7819.0,71091,0.004016384321815989,0.012470473961335047,0.6107935056025612,1
2020-12-26,670728,593159,11333,3676163,712148,3031,7761,125,8715,11552,3031.0,7761.0,125.0,8715.0,66236,0.004539484227126975,0.010844131652080402,1.1347809809060276,1
2020-12-27,674512,600463,11441,3686646,724312,3784,7304,108,10483,12164,3784.0,7304.0,108.0,10483.0,62608,0.005641631182834174,0.008537576981405698,1.2484328604420982,1
2020-12-28,685450,608883,11572,3714848,769969,10938,8420,131,28202,45657,10938.0,8420.0,131.0,28202.0,64995,0.016216168133406077,0.007406575287219429,2.8905919661733614,1
2020-12-29,701927,612879,11704,3750923,801213,16477,3996,132,36075,31244,16477.0,3996.0,132.0,36075.0,77344,0.02403822306513969,0.01089037818606458,1.5063997074419455,1
2020-12-30,718988,616086,11854,3786364,832929,17061,3207,150,35441,31716,17061.0,3207.0,150.0,35441.0,91048,0.024305946344847826,0.01494829059067095,1.0354433452691632,1
2020-12-31,732302,627135,11983,3814271,852211,13314,11049,129,27907,19282,13314.0,11049.0,129.0,27907.0,93184,0.018517694314786896,0.01774393260820293,0.7803762968173026,1
2021-01-01,735748,639389,12135,3820856,857277,3446,12254,152,6585,5066,3446.0,12254.0,152.0,6585.0,84224,0.004705708846896499,0.017556748141015398,0.2588252966801863,1
2021-01-02,740735,650533,12287,3834305,872806,4987,11144,152,13449,15529,4987.0,11144.0,152.0,13449.0,77915,0.0067781359922147255,0.01566914171277713,1.447185142193848,1
2021-01-03,747004,652621,12428,3849627,887141,6269,2088,141,15322,14335,6269.0,2088.0,141.0,15322.0,81955,0.008463215589920822,0.012554140217733354,1.2570683777822338,1
2021-01-04,759967,655014,12580,3884807,942788,12963,2393,152,35180,55647,12963.0,2393.0,152.0,35180.0,92373,0.017353320731883632,0.011163615095140514,2.0677939065241664,1
2021-01-05,777376,658816,12762,3928825,977910,17409,3802,182,44018,35122,17409.0,3802.0,182.0,44018.0,105798,0.022907573618328163,0.01204159095584877,1.3429761629252488,1
2021-01-06,795151,663738,12922,3967876,1007808,17775,4922,160,39051,29898,17775.0,4922.0,160.0,39051.0,118491,0.02286538303214918,0.015673525792899302,1.0210236084783733,1
2021-01-07,810036,678235,13108,4006850,1036089,14885,14497,186,38974,28281,14885.0,14497.0,186.0,38974.0,118693,0.018719714871766494,0.018061841568809654,0.8374120956399438,1
2021-01-08,823139,694158,13305,4045613,1067006,13103,15923,197,38763,30917,13103.0,15923.0,197.0,38763.0,115676,0.016175824284352793,0.019604363307696052,0.8802821632515956,1
2021-01-09,831582,710338,13467,4066697,1081369,8443,16180,162,21084,14363,8443.0,16180.0,162.0,21084.0,107777,0.010257076872800341,0.01818511453587939,0.64435625429291,1
2021-01-10,835897,719060,13651,4079015,1093923,4315,8722,184,12318,12554,4315.0,8722.0,184.0,12318.0,103186,0.005188905002753787,0.014641380812764518,0.5110742627028307,1
2021-01-11,845283,721129,13815,4113025,1144123,9386,2069,164,34010,50200,9386.0,2069.0,164.0,34010.0,110339,0.011228656162182661,0.012314035438771215,2.1752027809965235,1
2021-01-12,856096,728044,13992,4149387,1174461,10813,6915,177,36362,30338,10813.0,6915.0,177.0,36362.0,114060,0.012792165464110836,0.011128525557240084,1.1520349456637544,1
2021-01-13,867023,734356,14156,4181762,1202653,10927,6312,164,32375,28192,10927.0,6312.0,164.0,32375.0,118511,0.012763755466676635,0.010446111793704853,1.0105428650698234,1
2021-01-14,875130,752397,14335,4212068,1228860,8107,18041,179,30306,26207,8107.0,18041.0,179.0,30306.0,108398,0.009350386321931482,0.01026477368353108,0.7419236752997163,1
2021-01-15,884434,769797,14499,4243266,1257851,9304,17400,164,31198,28991,9304.0,17400.0,164.0,31198.0,100138,0.010631563310593855,0.011353305345099093,1.1476501788577773,1
2021-01-16,889677,784708,14653,4260657,1267813,5243,14911,154,17391,9962,5243.0,14911.0,154.0,17391.0,90316,0.005928085080401703,0.010293191128742902,0.5635210662080825,1
2021-01-17,892321,797982,14809,4269495,1276611,2644,13274,156,8838,8798,2644.0,13274.0,156.0,8838.0,79530,0.002971865070132194,0.008329131049947175,0.5042914362006485,1
2021-01-18,899998,810716,14969,4299310,1318453,7677,12734,160,29815,41842,7677.0,12734.0,160.0,29815.0,74313,0.008603406173338967,0.00749706119127964,2.9035552193645993,1
2021-01-19,909614,816090,15125,4331110,1342162,9616,5374,156,31800,23709,9616.0,5374.0,156.0,31800.0,78399,0.010684468187707083,0.007763877564434761,1.2525726195128306,1
2021-01-20,917839,820445,15272,4359858,1364756,8225,4355,147,28748,22594,8225.0,4355.0,147.0,28748.0,82122,0.009042297062270369,0.007446024314770064,0.8553452579034941,1
2021-01-21,925378,832716,15423,4385003,1388047,7539,12271,151,25145,23291,7539.0,12271.0,151.0,25145.0,77239,0.008213858857599208,0.007903179070209565,0.916595744680851,1
2021-01-22,933850,843253,15558,4415403,1416447,8472,10537,135,30400,28400,8472.0,10537.0,135.0,30400.0,75039,0.009155177667936778,0.009139841589770482,1.1237564663748507,1
2021-01-23,938091,852857,15701,4429541,1428903,4241,9604,143,14138,12456,4241.0,9604.0,143.0,14138.0,69533,0.004541414574075066,0.0083274432699177,0.500590179414542,1
2021-01-24,940491,860873,15845,4437434,1438965,2400,8016,144,7893,10062,2400.0,8016.0,144.0,7893.0,63773,0.002558387192713713,0.006702227070919027,0.5659042678613535,1
2021-01-25,947469,869592,15984,4464705,1486354,6978,8719,139,27271,47389,6978.0,8719.0,139.0,27271.0,61893,0.00741952873552219,0.006377673405569391,2.9075,1
2021-01-26,956666,873309,16127,4494156,1514564,9197,3717,143,29451,28210,9197.0,3717.0,143.0,29451.0,67230,0.009706913893752724,0.006676284412800095,1.317999426769848,1
2021-01-27,965172,876088,16287,4524645,1543348,8506,2779,160,30489,28784,8506.0,2779.0,160.0,30489.0,72797,0.008891295394630938,0.006623507958138926,0.9248668043927367,1
2021-01-28,973184,885764,16422,4550465,1571629,8012,9676,135,25820,28281,8012.0,9676.0,135.0,25820.0,70998,0.008301111097296648,0.007375447262783244,0.9419233482247825,1
2021-01-29,981241,894682,16574,4581803,1603041,8057,8918,152,31338,31412,8057.0,8918.0,152.0,31338.0,69985,0.008279009930290675,0.008519571810298634,1.005616575137294,1
2021-01-30,985299,902566,16699,4596234,1619591,4058,7884,125,14431,16550,4058.0,7884.0,125.0,14431.0,66034,0.0041355793327021596,0.007862781929734629,0.5036614124363907,1
2021-01-31,987875,909533,16819,4603873,1634434,2576,6967,120,7639,14843,2576.0,6967.0,120.0,7639.0,61523,0.0026144348060842446,0.006444286112200934,0.6347954657466732,1
2021-02-01,995108,917181,16952,4631381,1689573,7233,7648,133,27508,55139,7233.0,7648.0,133.0,27508.0,60975,0.00732177654055422,0.00613038234138559,2.8078416149068324,1
2021-02-02,1004263,920379,17087,4661378,1723375,9155,3198,135,29997,33802,9155.0,3198.0,135.0,29997.0,66797,0.009200006431462716,0.006310161408218803,1.265726531176552,1
2021-02-03,1013931,923065,17224,4693176,1756478,9668,2686,137,31798,33103,9668.0,2686.0,137.0,31798.0,73642,0.009626960268375914,0.006579751475835852,1.0560349535772802,1
2021-02-04,1022042,932881,17352,4720924,1790279,8111,9816,128,27748,33801,8111.0,9816.0,128.0,27748.0,71809,0.007999558155337986,0.007352547240363017,0.8389532478278858,1
2021-02-05,1030673,941840,17479,4752123,1826759,8631,8959,127,31199,36480,8631.0,8959.0,127.0,31199.0,71354,0.00844485843047546,0.008518631965241259,1.0641104672666748,1
2021-02-06,1035496,949533,17606,4767024,1843951,4823,7693,127,14901,17192,4823.0,7693.0,127.0,14901.0,68357,0.004679466717377868,0.007990170000605989,0.5587996755879967,1
2021-02-07,1037948,956435,17737,4774844,1860692,2452,6902,131,7820,16741,2452.0,6902.0,131.0,7820.0,63776,0.0023679473411775615,0.006623758182548958,0.5083972631142443,1
2021-02-08,1045729,964185,17875,4800451,1916230,7781,7750,138,25607,55538,7781.0,7750.0,138.0,25607.0,63669,0.007496521983760266,0.006197670525625828,3.1733278955954325,1
2021-02-09,1056015,967125,18008,4831829,1953160,10286,2940,133,31378,36930,10286.0,2940.0,133.0,31378.0,70882,0.00983620039226224,0.00656499897301068,1.3219380542346741,1
2021-02-10,1065563,969772,18142,4861759,1988347,9548,2647,134,29930,35187,9548.0,2647.0,134.0,29930.0,77649,0.009041538235725819,0.006684334934060751,0.9282519930001945,1
2021-02-11,1074586,979575,18271,4890003,2023784,9023,9803,129,28244,35437,9023.0,9803.0,129.0,28244.0,76740,0.008467824051698492,0.007442006400924875,0.9450146627565983,1
2021-02-12,1083418,988599,18415,4921069,2064480,8832,9024,144,31066,40696,8832.0,9024.0,144.0,31066.0,76404,0.00821897921618186,0.008612212775925736,0.9788318740995234,1
2021-02-13,1088562,996986,18532,4937529,2083969,5144,8387,117,16460,19489,5144.0,8387.0,117.0,16460.0,73044,0.0047479366227993255,0.008062495703733547,0.582427536231884,1
2021-02-14,1091443,1004612,18681,4945920,2104506,2881,7626,149,8391,20537,2881.0,7626.0,149.0,8391.0,68150,0.0026466108499102487,0.006624577795263148,0.5600699844479005,1
2021-02-15,1100351,1013061,18811,4975054,2168198,8908,8449,130,29134,63692,8908.0,8449.0,130.0,29134.0,68479,0.008161672208260074,0.00644860458977,3.0919819507115585,1
2021-02-16,1112964,1016197,18960,5009597,2212745,12613,3136,149,34543,44547,12613.0,3136.0,149.0,34543.0,77807,0.011462705991088298,0.007047580977647962,1.4159182757072295,1
2021-02-17,1123912,1018882,19092,5042384,2256304,10948,2685,132,32787,43559,10948.0,2685.0,132.0,32787.0,85938,0.00983679615872571,0.007371144366156731,0.8679933402045509,1
2021-02-18,1135620,1029296,19265,5076463,2301476,11708,10414,173,34079,45172,11708.0,10414.0,173.0,34079.0,87059,0.010417185687135648,0.008504994179023995,1.0694190719766168,1
2021-02-19,1146911,1038837,19447,5113975,2350474,11291,9541,182,37512,48998,11291.0,9541.0,182.0,37512.0,88627,0.00994258642855885,0.009964189294753716,0.9643833276392211,1
2021-02-20,1153688,1047970,19623,5132785,2371704,6777,9133,176,18810,21230,6777.0,9133.0,176.0,18810.0,86095,0.005908915338679288,0.009513637920837559,0.600212558675051,1
2021-02-21,1157759,1056188,19770,5142362,2397195,4071,8218,147,9577,25491,4071.0,8218.0,147.0,9577.0,81801,0.00352868366490767,0.007926833455601433,0.6007082779991146,1
2021-02-22,1169183,1065249,19936,5176267,2472444,11424,9061,166,33905,75249,11424.0,9061.0,166.0,33905.0,83998,0.009867338539367864,0.007932941931729864,2.806190125276345,1
2021-02-23,1185033,1068728,20084,5217182,2528587,15850,3479,148,40915,56143,15850.0,3479.0,148.0,40915.0,96221,0.013556474905981357,0.008560799775499006,1.3874299719887955,1
2021-02-24,1198839,1071840,20227,5257362,2585579,13806,3112,143,40180,56992,13806.0,3112.0,143.0,40180.0,106772,0.011650308472422287,0.008902344184271693,0.8710410094637224,1
2021-02-25,1213436,1083966,20409,5297132,2643549,14597,12126,182,39770,57970,14597.0,12126.0,182.0,39770.0,109061,0.012175946895287858,0.010155750495593408,1.0572939301752862,1
2021-02-26,1228231,1095025,20601,5339017,2704447,14795,11059,192,41885,60898,14795.0,11059.0,192.0,41885.0,112605,0.012192649632943147,0.011888543689200504,1.0135644310474754,1
2021-02-27,1236093,1106028,20793,5362083,2731688,7862,11003,192,23066,27241,7862.0,11003.0,192.0,23066.0,109272,0.006401076019087615,0.011195291185144453,0.5313957418046638,1
2021-02-28,1240687,1116662,20976,5373790,2760126,4594,10634,183,11707,28438,4594.0,10634.0,183.0,11707.0,103049,0.0037165488357267617,0.009227305971093534,0.5843296871025184,1
2021-03-01,1253027,1128133,21180,5408912,2852668,12340,11471,204,35122,92542,12340.0,11471.0,204.0,35122.0,103714,0.00994610244163113,0.008886464764935303,2.6861123204179362,1
2021-03-02,1269826,1132832,21372,5453491,2924258,16799,4699,192,44579,71590,16799.0,4699.0,192.0,44579.0,115622,0.013406734252334547,0.009132622236344642,1.3613452188006483,1
2021-03-03,1285071,1136835,21573,5494650,3000293,15245,4003,201,41159,76035,15245.0,4003.0,201.0,41159.0,126663,0.012005581867121952,0.009095208683180398,0.9074944937198642,1
2021-03-04,1299724,1152264,21790,5534509,3091623,14653,15429,217,39859,91330,14653.0,15429.0,217.0,39859.0,125670,0.011402482820015393,0.010095490043365955,0.9611675959330929,1
2021-03-05,1312895,1167083,21975,5577306,3188258,13171,14819,185,42797,96635,13171.0,14819.0,185.0,42797.0,123837,0.010133689921860334,0.01137891826059267,0.8988603016447144,1
2021-03-06,1322026,1181026,22183,5599314,3224577,9131,13943,208,22008,36319,9131.0,13943.0,208.0,22008.0,118817,0.0069548592994870114,0.010780669632163847,0.6932655075544757,1
2021-03-07,1326010,1193984,22385,5610413,3260450,3984,12958,202,11099,35873,3984.0,12958.0,202.0,11099.0,109641,0.0030135564656065764,0.008702034074818253,0.4363158471142263,1
2021-03-08,1336672,1207072,22621,5643220,3432985,10662,13088,236,32807,172535,10662.0,13088.0,236.0,32807.0,106979,0.0080406633434137,0.007909050370076604,2.6762048192771086,1
2021-03-09,1352035,1212461,22850,5683307,3603799,15363,5389,229,40087,170814,15363.0,5389.0,229.0,40087.0,116724,0.011493470350242991,0.007927247876122121,1.4409116488463702,1
2021-03-10,1366578,1217249,23078,5724291,3779006,14543,4788,228,40984,175207,14543.0,4788.0,228.0,40984.0,126251,0.010756378348193648,0.008051785561388785,0.9466250081364317,1
2021-03-11,1377825,1217961,23307,5759573,3968620,11247,712,229,35282,189614,11247.0,712.0,229.0,35282.0,136557,0.008230046144457177,0.00830682293038282,0.7733617547961218,1
2021-03-12,1392802,1218737,23518,5799333,4129269,14977,776,211,39760,160649,14977.0,776.0,211.0,39760.0,150547,0.010870030664271587,0.00987811777011582,1.3316439939539433,1
2021-03-13,1399833,1219068,23696,5817171,4180225,7031,331,178,17838,50956,7031.0,331.0,178.0,17838.0,157069,0.005048097288774715,0.009279604559188023,0.469453161514322,1
2021-03-14,1403168,1219347,23925,5825458,4232514,3335,279,229,8287,52289,3335.0,279.0,229.0,8287.0,159896,0.002382427046654851,0.007457395898470396,0.4743279761058171,1
2021-03-15,1413803,1236401,24162,5858935,4466128,10635,17054,237,33477,233614,10635.0,17054.0,237.0,33477.0,153240,0.007579277748637369,0.006821975778559139,3.188905547226387,1
2021-03-16,1427834,1251890,24380,5896299,4666836,14031,15489,218,37364,200708,14031.0,15489.0,218.0,37364.0,151564,0.009924296383583851,0.007160825826384475,1.3193229901269394,1
2021-03-17,1439866,1266549,24578,5930641,4860284,12032,14659,198,34342,193448,12032.0,14659.0,198.0,34342.0,148739,0.008426749888292336,0.006672169671188624,0.8575297555413014,1
2021-03-18,1450533,1280318,24791,5961490,5054664,10667,13769,213,30849,194380,10667.0,13769.0,213.0,30849.0,145424,0.007408328274992256,0.007144215868432132,0.8865525265957447,1
2021-03-19,1460251,1293803,24965,5993583,5211326,9718,13485,174,32093,156662,9718.0,13485.0,174.0,32093.0,141483,0.006699606282656099,0.008007651715632383,0.9110340301865567,1
2021-03-20,1465720,1298732,25149,6010690,5259523,5469,4929,184,17107,48197,5469.0,4929.0,184.0,17107.0,141839,0.0037452465363831287,0.007240845473181534,0.5627701173080881,1
2021-03-21,1468111,1302721,25340,6018643,5311582,2391,3989,191,7953,52059,2391.0,3989.0,191.0,7953.0,140050,0.00163128018994078,0.00558224223445292,0.4371914426769062,1
2021-03-22,1476354,1318600,25550,6048240,5563016,8243,15879,210,29597,251434,8243.0,15879.0,210.0,29597.0,132204,0.005614698071194889,0.005019831871033431,3.4475115014638225,1
2021-03-23,1487325,1333340,25743,6081782,5784383,10971,14740,193,33542,221367,10971.0,14740.0,193.0,33542.0,128242,0.0074311445628893885,0.005024395128612857,1.330947470581099,1
2021-03-24,1496178,1346594,25926,6109998,5993686,8853,13254,183,28216,209303,8853.0,13254.0,183.0,28216.0,123658,0.0059522969088800365,0.004874933253857645,0.8069455838118677,1
2021-03-25,1504110,1359049,26086,6137728,6197749,7932,12455,160,27730,204063,7932.0,12455.0,160.0,27730.0,118975,0.005301508243003172,0.005186185595181653,0.8959674686546933,1
2021-03-26,1511827,1371318,26241,6164832,6356040,7717,12269,155,27104,158291,7717.0,12269.0,155.0,27104.0,114268,0.005130608798558616,0.00588605131690522,0.9728946041351487,1
2021-03-27,1515798,1375560,26422,6177458,6395969,3971,4242,181,12626,39929,3971.0,4242.0,181.0,12626.0,113816,0.002626623284277897,0.005288436359521822,0.5145782039652714,1
2021-03-28,1517542,1378898,26539,6183767,6440514,1744,3338,117,6309,44545,1744.0,3338.0,117.0,6309.0,112105,0.0011505490837169596,0.004032317263687336,0.4391840846134475,1
2021-03-29,1524480,1393422,26719,6210767,6704610,6938,14524,180,27000,264096,6938.0,14524.0,180.0,27000.0,104339,0.004571866874195245,0.003756231256750378,3.978211009174312,1
2021-03-30,1533118,1406096,26889,6239739,6928327,8638,12674,170,28972,223717,8638.0,12674.0,170.0,28972.0,100133,0.005666194374475231,0.00382916848304479,1.245027385413664,1
2021-03-31,1540388,1417113,27042,6265745,7141229,7270,11017,153,26006,212902,7270.0,11017.0,153.0,26006.0,96233,0.004741970285392253,0.0037514407804115175,0.8416300069460523,1
2021-04-01,1546637,1426859,27194,6290580,7388485,6249,9746,152,24835,247256,6249.0,9746.0,152.0,24835.0,92584,0.004056770112465171,0.004037470146048972,0.8595598349381018,1
2021-04-02,1550473,1436222,27298,6305207,7438833,3836,9363,104,14627,50348,3836.0,9363.0,104.0,14627.0,86953,0.0024802199869781985,0.00430340432670122,0.6138582173147704,1
2021-04-03,1552633,1439188,27423,6313582,7475829,2160,2966,125,8375,36996,2160.0,2966.0,125.0,8375.0,86022,0.0013931232598052336,0.0036676556038232173,0.5630865484880083,1
2021-04-04,1554561,1441728,27569,6320678,7511745,1928,2540,146,7096,35916,1928.0,2540.0,146.0,7096.0,85264,0.0012417615753368633,0.002782769043995544,0.8925925925925926,1
2021-04-05,1555980,1452832,27692,6328275,7566687,1419,11104,123,7597,54942,1419.0,11104.0,123.0,7597.0,75456,0.000912797889564964,0.002016934564830086,0.7359958506224067,1
2021-04-06,1561566,1462575,27807,6353955,7957338,5586,9743,115,25680,390651,5586.0,9743.0,115.0,25680.0,71184,0.003590020437280685,0.0019235846297931888,3.936575052854123,1
2021-04-07,1568620,1471236,27929,6381750,8214281,7054,8661,122,27795,256943,7054.0,8661.0,122.0,27795.0,69455,0.0045172602374795555,0.0023309926798934606,1.262799856784819,1
2021-04-08,1573903,1478374,28050,6404090,8441999,5283,7138,121,22340,227718,5283.0,7138.0,121.0,22340.0,67479,0.003367928497660364,0.0027259537274644864,0.7489367734618656,1
2021-04-09,1578728,1485902,28155,6426817,8599520,4825,7528,105,22727,157521,4825.0,7528.0,105.0,22727.0,64671,0.0030656272972349632,0.0030907268718441063,0.9133068332386901,1
2021-04-10,1580935,1488236,28264,6437939,8641514,2207,2334,109,11122,41994,2207.0,2334.0,109.0,11122.0,64435,0.0013979608900329887,0.0031877594719377108,0.4574093264248705,1
2021-04-11,1581920,1490217,28357,6443805,8695239,985,1981,93,5866,53725,985.0,1981.0,93.0,5866.0,63346,0.0006230490184605946,0.002594365188173693,0.4463072043497961,1
2021-04-12,1585787,1499763,28441,6465319,8978313,3867,9546,84,21514,283074,3867.0,9546.0,84.0,21514.0,57583,0.002444497825427329,0.002179812705763248,3.9258883248730965,1
2021-04-13,1590843,1507428,28532,6489591,9231821,5056,7665,91,24272,253508,5056.0,7665.0,91.0,24272.0,54883,0.0031883222652222525,0.0021438914592756255,1.3074734936643393,1
2021-04-14,1594561,1514100,28622,6510609,9457368,3718,6672,90,21018,225547,3718.0,6672.0,90.0,21018.0,51839,0.0023371256623060856,0.00199819113228985,0.7353639240506329,1
2021-04-15,1597825,1520219,28709,6528091,9678439,3264,6119,87,17482,221071,3264.0,6119.0,87.0,17482.0,48897,0.0020469583791400893,0.00212799063011127,0.877891339429801,1
2021-04-16,1601043,1522698,28774,6547279,9821751,3218,2479,65,19188,143312,3218.0,2479.0,65.0,19188.0,49571,0.002013987764617527,0.002406178379342657,0.9859068627450981,1
2021-04-17,1602584,1524762,28848,6557037,9862645,1541,2064,74,9758,40894,1541.0,2064.0,74.0,9758.0,48974,0.0009624975718953207,0.002109778328636255,0.4788688626476072,1
2021-04-18,1603418,1526505,28926,6563226,9921876,834,1743,78,6189,59231,834.0,1743.0,78.0,6189.0,47987,0.0005204095385951688,0.0015761957833108381,0.5412070084360805,1
2021-04-19,1606760,1528034,28998,6584830,10211251,3342,1529,72,21604,289375,3342.0,1529.0,72.0,21604.0,49728,0.0020842974196373,0.0015256301347770812,4.0071942446043165,1
2021-04-20,1610577,1535812,29061,6607136,10461134,3817,7778,63,22306,249883,3817.0,7778.0,63.0,22306.0,45704,0.0023755881401080433,0.001591356086970672,1.142130460801915,1
2021-04-21,1613528,1542094,29125,6626357,10684941,2951,6282,64,19221,223807,2951.0,6282.0,64.0,19221.0,42309,0.0018322625990561147,0.0015550110538583893,0.7731202515064186,1
2021-04-22,1616157,1546708,29181,6644515,10908676,2629,4614,56,18158,223735,2629.0,4614.0,56.0,18158.0,40268,0.0016293488554273616,0.0016883813105647975,0.8908844459505253,1
2021-04-23,1618758,1550909,29234,6662739,11060230,2601,4201,53,18224,151554,2601.0,4201.0,53.0,18224.0,38615,0.0016093733467726218,0.0019061740722002881,0.9893495625713199,1
2021-04-24,1620067,1552339,29290,6671961,11106040,1309,1430,56,9222,45810,1309.0,1430.0,56.0,9222.0,38438,0.0008086446522580892,0.0016510435187244463,0.5032679738562091,1
2021-04-25,1620892,1553505,29343,6677364,11160644,825,1166,53,5403,54604,825.0,1166.0,53.0,5403.0,38044,0.0005092381981732855,0.0012777735303374947,0.6302521008403361,1
2021-04-26,1623472,1559087,29401,6698397,11452470,2580,5582,58,21033,291826,2580.0,5582.0,58.0,21033.0,34984,0.001591716166160361,0.001229664243758344,3.1272727272727274,1
2021-04-27,1626712,1563220,29451,6718491,11702308,3240,4133,50,20094,249838,3240.0,4133.0,50.0,20094.0,34041,0.001995722747297151,0.0013029390221323018,1.255813953488372,1
2021-04-28,1629200,1566792,29518,6738238,11930069,2488,3572,67,19747,227761,2488.0,3572.0,67.0,19747.0,32890,0.0015294655722709366,0.0012869574672319647,0.7679012345679013,1
2021-04-29,1631430,1569825,29561,6757141,12161664,2230,3033,43,18903,231595,2230.0,3033.0,43.0,18903.0,32044,0.0013687699484409527,0.0013989825264685376,0.8963022508038585,1
2021-04-30,1633597,1572854,29611,6776510,12314876,2167,3029,50,19369,153212,2167.0,3029.0,50.0,19369.0,31132,0.0013282825496650178,0.0015627913967668841,0.9717488789237668,1
2021-05-01,1634768,1573869,29644,6786837,12349522,1171,1015,33,10327,34646,1171.0,1015.0,33.0,10327.0,31255,0.0007168230597876955,0.0013878127754923507,0.5403784033225658,1
2021-05-02,1635277,1574664,29679,6792618,12418486,509,795,35,5781,68964,509.0,795.0,35.0,5781.0,30934,0.00031135916533722214,0.001050940059100365,0.43467122117847995,1
2021-05-03,1637497,1579168,29716,6812309,12748326,2220,4504,37,19691,329840,2220.0,4504.0,37.0,19691.0,28613,0.001357568167350241,0.0010165605781162258,4.361493123772102,1
2021-05-04,1639913,1582423,29760,6832070,13019775,2416,3255,44,19761,271449,2416.0,3255.0,44.0,19761.0,27730,0.0014754225503924587,0.0010378910985065271,1.0882882882882883,1
2021-05-05,1641786,1585179,29797,6848754,13259080,1873,2756,37,16684,239305,1873.0,2756.0,37.0,16684.0,26810,0.0011421337595348047,0.0010006613404804844,0.7752483443708609,1
2021-05-06,1643358,1587773,29839,6864673,13494355,1572,2594,42,15919,235275,1572.0,2594.0,42.0,15919.0,25746,0.0009574938512083792,0.0010487954987646211,0.8392952482648158,1
2021-05-07,1644996,1590506,29868,6882656,13651351,1638,2733,29,17983,156996,1638.0,2733.0,29.0,17983.0,24622,0.000996739602691562,0.0011858715862354892,1.0419847328244274,1
2021-05-08,1645723,1591350,29900,6894793,13688939,727,844,32,12137,37588,727.0,844.0,32.0,12137.0,24473,0.00044194636339541253,0.0010027472254445235,0.4438339438339438,1
2021-05-09,1646107,1591987,29935,6900675,13756628,384,637,35,5882,67689,384.0,637.0,35.0,5882.0,24185,0.0002333320978074682,0.0007543291349275253,0.5281980742778541,1
2021-05-10,1647652,1595790,29967,6922900,14092139,1545,3803,32,22225,335511,1545.0,3803.0,32.0,22225.0,21895,0.000938578111872436,0.0007136180053950515,4.0234375,1
2021-05-11,1649343,1598455,30000,6940360,14355819,1691,2665,33,17460,263680,1691.0,2665.0,33.0,17460.0,20888,0.0010263089535897144,0.0007273810258713187,1.0944983818770226,1
2021-05-12,1650607,1600836,30033,6955630,14590688,1264,2381,33,15270,234869,1264.0,2381.0,33.0,15270.0,19738,0.0007663657589719058,0.0006813062571273873,0.7474866942637493,1
2021-05-13,1651830,1602937,30056,6969945,14831921,1223,2101,23,14315,241233,1223.0,2101.0,23.0,14315.0,18837,0.0007409395452703157,0.000741104893502368,0.9675632911392406,1
2021-05-14,1652881,1605082,30075,6987334,14992136,1051,2145,19,17389,160215,1051.0,2145.0,19.0,17389.0,17724,0.0006362640223267527,0.0008216912784062249,0.8593622240392478,1
2021-05-15,1653478,1605739,30091,7002401,15030903,597,657,16,15067,38767,597.0,657.0,16.0,15067.0,17648,0.00036118752650674793,0.0007062131613330873,0.5680304471931494,1
2021-05-16,1653735,1606309,30105,7009521,15096036,257,570,14,7120,65133,257.0,570.0,14.0,7120.0,17321,0.00015542994826662343,0.0005320373602684692,0.4304857621440536,1
2021-05-17,1654865,1609140,30127,7046011,15459022,1130,2831,22,36490,362986,1130.0,2831.0,22.0,36490.0,15598,0.0006833017381865897,0.0005154245561114058,4.396887159533074,1
2021-05-18,1656065,1611142,30141,7070698,15737852,1200,2002,14,24687,278830,1200.0,2002.0,14.0,24687.0,14782,0.0007251346786595886,0.0005122635827892604,1.0619469026548674,1
2021-05-19,1656843,1612966,30158,7095987,15985875,778,1824,17,25289,248023,778.0,1824.0,17.0,25289.0,13719,0.00046978832352594855,0.0004789684430290996,0.6483333333333333,1
2021-05-20,1657520,1614471,30175,7115326,16243288,677,1505,17,19339,257413,677.0,1505.0,17.0,19339.0,12874,0.00040860841974767675,0.0004884526216772854,0.8701799485861182,1
2021-05-21,1658191,1616020,30187,7143007,16434028,671,1549,12,27681,190740,671.0,1549.0,12.0,27681.0,11984,0.0004048216612770887,0.0005383309642793784,0.9911373707533235,1
2021-05-22,1658527,1616416,30198,7152910,16480819,336,396,11,9903,46791,336.0,396.0,11.0,9903.0,11913,0.0002026304569256497,0.00044219670802719043,0.5007451564828614,1
2021-05-23,1658724,1616795,30210,7157374,16547670,197,379,12,4464,66851,197.0,379.0,12.0,4464.0,11719,0.00011878009824380309,0.00032092579194403336,0.5863095238095238,1
2021-05-24,1659421,1618882,30217,7187665,16883658,697,2087,7,30291,335988,697.0,2087.0,7.0,30291.0,10322,0.0004202025171155659,0.00031100863066195684,3.5380710659898478,1
2021-05-25,1660082,1620361,30225,7209042,17125886,661,1479,8,21377,242228,661.0,1479.0,8.0,21377.0,9496,0.0003983317072641602,0.00030895328816525354,0.9483500717360115,1
2021-05-26,1660620,1621650,30235,7230855,17334755,538,1289,10,21813,208869,538.0,1289.0,10.0,21813.0,8735,0.00032408037675247365,0.0002928050312603305,0.8139183055975794,1
2021-05-27,1661126,1622719,30250,7248171,17552801,506,1069,15,17316,218046,506.0,1069.0,15.0,17316.0,8157,0.0003047054714504221,0.000313220034165285,0.9405204460966543,1
2021-05-28,1661580,1623793,30257,7270147,17725929,454,1074,7,21976,173128,454.0,1074.0,7.0,21976.0,7530,0.000273308587066845,0.0003441257319298934,0.8972332015810277,1
2021-05-29,1661802,1624154,30263,7279115,17772110,222,361,6,8968,46181,222.0,361.0,6.0,8968.0,7385,0.0001336077709168382,0.00028680678269014785,0.4889867841409692,1
2021-05-30,1661914,1624463,30267,7283618,17831774,112,309,4,4503,59664,112.0,309.0,4.0,4503.0,7184,6.739671753915327e-05,0.00022061978474514644,0.5045045045045045,1
2021-05-31,1662427,1625887,30277,7311990,18140049,513,1424,10,28372,308275,513.0,1424.0,10.0,28372.0,6263,0.0003086802325511428,0.0002175397559048803,4.580357142857143,1
2021-06-01,1662906,1626893,30283,7337736,18349599,479,1006,6,25746,209550,479.0,1006.0,6.0,25746.0,5730,0.0002881329526048362,0.00021422525213576305,0.9337231968810916,1
2021-06-02,1663259,1627619,30288,7364008,18533579,353,726,5,26272,183980,353.0,726.0,5.0,26272.0,5352,0.00021227898630469792,0.00020201933198333368,0.7369519832985386,1
2021-06-03,1663682,1628263,30291,7390194,18731620,423,644,3,26186,198041,423.0,644.0,3.0,26186.0,5128,0.00025431998263649857,0.00022616177432726575,1.198300283286119,1
2021-06-04,1664002,1628943,30298,7416828,18888979,320,680,7,26634,157359,320.0,680.0,7.0,26634.0,4761,0.00019234445044185127,0.00025115132090780534,0.7565011820330969,1
2021-06-05,1664155,1629170,30301,7428889,18926712,153,227,3,12061,37733,153.0,227.0,3.0,12061.0,4684,9.194700487138837e-05,0.00020780467537185446,0.478125,1
2021-06-06,1664253,1629342,30305,7434821,18975329,98,172,4,5932,48617,98.0,172.0,4.0,5932.0,4606,5.888874533922621e-05,0.0001619558339187325,0.6405228758169934,1
2021-06-07,1664547,1630214,30308,7466672,19214748,294,872,3,31851,239419,294.0,872.0,3.0,31851.0,4025,0.00017665583297731775,0.00015483120325325642,3.0,1
2021-06-08,1664931,1630826,30314,7490234,19388069,384,612,6,23562,173321,384.0,612.0,6.0,23562.0,3791,0.00023069339586085584,0.00015010588589812787,1.3061224489795917,1
2021-06-09,1665181,1631360,30316,7520714,19541987,250,534,2,30480,153918,250.0,534.0,2.0,30480.0,3505,0.00015015637284668254,0.00014166827037909413,0.6510416666666666,1
2021-06-10,1665371,1631828,30322,7541577,19713403,190,468,6,20863,171416,190.0,468.0,6.0,20863.0,3221,0.0001141017102645298,0.0001460992114577224,0.76,1
2021-06-11,1665550,1632232,30324,7569665,19860654,179,404,2,28088,147251,179.0,404.0,2.0,28088.0,2994,0.0001074835577177698,0.00015581817393343114,0.9421052631578948,1
2021-06-12,1665623,1632388,30327,7581999,19896301,73,156,3,12334,35647,73.0,156.0,3.0,12334.0,2908,4.382936567500225e-05,0.00012925288047296803,0.40782122905027934,1
2021-06-13,1665664,1632502,30329,7588553,19938120,41,114,2,6554,41819,41.0,114.0,2.0,6554.0,2833,2.4615414172354728e-05,8.803728413526783e-05,0.5616438356164384,1
2021-06-14,1665839,1633168,30329,7622333,20148780,175,666,0,33780,210660,175.0,666.0,0.0,33780.0,2342,0.00010506320602474449,7.901865077088021e-05,4.2682926829268295,1
2021-06-15,1666045,1633610,30333,7650079,20305333,206,442,4,27746,156553,206.0,442.0,4.0,27746.0,2102,0.0001236614102563333,8.093059076924093e-05,1.177142857142857,1
2021-06-16,1666174,1633967,30334,7680939,20449566,129,357,1,30860,144233,129.0,357.0,1.0,30860.0,1873,7.742888097260277e-05,7.491965542020752e-05,0.6262135922330098,1
2021-06-17,1666331,1634260,30338,7709923,20620313,157,293,4,28984,170747,157.0,293.0,4.0,28984.0,1733,9.422785375356955e-05,8.499935303592098e-05,1.2170542635658914,1
2021-06-18,1666475,1634552,30341,7747241,20761051,144,292,3,37318,140738,144.0,292.0,3.0,37318.0,1582,8.641740446525931e-05,9.735975109450189e-05,0.9171974522292994,1
2021-06-19,1666538,1634677,30341,7760774,20796204,63,125,0,13533,35153,63.0,125.0,0.0,13533.0,1520,3.780434749996249e-05,8.390797938954549e-05,0.4375,1
2021-06-20,1666595,1634755,30342,7767745,20832940,57,78,1,6971,36736,57.0,78.0,1.0,6971.0,1498,3.420264044384226e-05,6.601622542704727e-05,0.9047619047619048,1
2021-06-21,1666714,1635179,30343,7798723,21015919,119,424,1,30978,182979,119.0,424.0,1.0,30978.0,1192,7.140307033202428e-05,6.481106329893158e-05,2.087719298245614,1
2021-06-22,1666826,1635448,30345,7823951,21145679,112,269,2,25228,129760,112.0,269.0,2.0,25228.0,1033,6.719809157419929e-05,5.940511086305753e-05,0.9411764705882353,1
2021-06-23,1666931,1635652,30345,7848132,21273668,105,204,0,24181,127989,105.0,204.0,0.0,24181.0,934,6.299397777572464e-05,5.4720425525150595e-05,0.9375,1
2021-06-24,1667027,1635830,30347,7877894,21418075,96,178,2,29762,144407,96.0,178.0,2.0,29762.0,850,5.7590866088638344e-05,5.8677729242885764e-05,0.9142857142857143,1
2021-06-25,1667159,1636006,30348,7906003,21536069,132,176,1,28109,117994,132.0,176.0,1.0,28109.0,805,7.918288066120104e-05,6.767377728635753e-05,1.375,1
2021-06-26,1667227,1636044,30350,7929919,21565271,68,38,2,23916,29202,68.0,38.0,2.0,23916.0,833,4.0787951239203936e-05,6.155075346779345e-05,0.5151515151515151,1
2021-06-27,1667284,1636095,30350,7937589,21597634,57,51,0,7670,32363,57.0,51.0,0.0,7670.0,839,3.4188505824341856e-05,5.494883631782197e-05,0.8382352941176471,1
2021-06-28,1667434,1636326,30350,7970078,21757587,150,231,0,32489,159953,150.0,231.0,0.0,32489.0,758,8.996667634308252e-05,6.034337603129355e-05,2.6315789473684212,1
2021-06-29,1667590,1636476,30350,8014198,21854019,156,150,0,44120,96432,156.0,150.0,0.0,44120.0,764,9.355692639108954e-05,6.753658809178378e-05,1.04,1
2021-06-30,1667726,1636582,30351,8053378,21952083,136,106,1,39180,98064,136.0,106.0,1.0,39180.0,793,8.155481863047871e-05,6.801097568563932e-05,0.8717948717948718,1
2021-07-01,1667892,1636701,30352,8102235,22030710,166,119,1,48857,78627,166.0,119.0,1.0,48857.0,839,9.953673445158258e-05,7.976073232811506e-05,1.2205882352941178,1
2021-07-02,1668057,1636828,30354,8151991,22138377,165,127,2,49756,107667,165.0,127.0,2.0,49756.0,875,9.89272686720723e-05,9.270848489766113e-05,0.9939759036144579,1
2021-07-03,1668181,1636877,30354,8189852,22179800,124,49,0,37861,41423,124.0,49.0,0.0,37861.0,950,7.433798725103518e-05,8.958274707925166e-05,0.7515151515151515,1
2021-07-04,1668287,1636925,30355,8202661,22214532,106,48,1,12809,34732,106.0,48.0,1.0,12809.0,1007,6.354226549756891e-05,8.357981490054753e-05,0.8548387096774194,1
2021-07-05,1668414,1637051,30355,8215357,22248085,127,126,0,12696,33553,127.0,126.0,0.0,12696.0,1008,7.612599031221847e-05,8.249404923689549e-05,1.1981132075471699,1
2021-07-06,1668523,1637141,30355,8225031,22278743,109,90,0,9674,30658,109.0,90.0,0.0,9674.0,1027,6.533150644863925e-05,7.565300363630682e-05,0.8582677165354331,1
2021-07-07,1668801,1637262,30355,8248695,22337147,278,121,0,23664,58404,278.0,121.0,0.0,23664.0,1184,0.00016661442485359806,8.919043487261198e-05,2.55045871559633,1
2021-07-08,1669050,1637365,30355,8280324,22397223,249,103,0,31629,60076,249.0,103.0,0.0,31629.0,1330,0.00014920892305313814,0.00010416462203303259,0.89568345323741,1
2021-07-09,1669333,1637472,30355,8318002,22494728,283,107,0,37678,97505,283.0,107.0,0.0,37678.0,1506,0.0001695575327281987,0.0001253676754791585,1.1365461847389557,1
2021-07-10,1669490,1637535,30355,8343753,22539662,157,63,0,25751,44934,157.0,63.0,0.0,25751.0,1600,9.404953954663329e-05,0.0001289523853260415,0.5547703180212014,1
2021-07-11,1669637,1637614,30357,8357999,22592892,147,79,2,14246,53230,147.0,79.0,2.0,14246.0,1666,8.805084187386568e-05,0.00013349625241108675,0.9363057324840764,1
2021-07-12,1669878,1637783,30357,8388357,22679995,241,169,0,30358,87103,241.0,169.0,0.0,30358.0,1738,0.0001443427523467676,0.00012904191790972069,1.6394557823129252,1
2021-07-13,1670195,1637932,30357,8419230,22742847,317,149,0,30873,62852,317.0,149.0,0.0,30873.0,1906,0.00018983422741062521,0.00013716697878121808,1.3153526970954357,1
2021-07-14,1670454,1638112,30357,8448467,22798666,259,180,0,29237,55819,259.0,180.0,0.0,29237.0,1985,0.0001550717131831912,0.0001342698148722166,0.8170347003154574,1
2021-07-15,1670680,1638260,30357,8485764,22875648,226,148,0,37297,76982,226.0,148.0,0.0,37297.0,2063,0.00013529256118396555,0.00014251841919968306,0.8725868725868726,1
2021-07-16,1670916,1638423,30359,8532531,22984934,236,163,2,46767,109286,236.0,163.0,2.0,46767.0,2134,0.00014125984629013335,0.00015316022008293658,1.0442477876106195,1
2021-07-17,1671113,1638506,30359,8564922,23037854,197,83,0,32391,52920,197.0,83.0,0.0,32391.0,2248,0.00011789940368037651,0.00014787155034965836,0.8347457627118644,1
2021-07-18,1671229,1638595,30360,8578944,23090759,116,89,1,14022,52905,116.0,89.0,1.0,14022.0,2274,6.941481515612649e-05,0.00012378766789875864,0.5888324873096447,1
2021-07-19,1671447,1638734,30362,8609487,23172179,218,139,2,30543,81420,218.0,139.0,2.0,30543.0,2351,0.00013044292553563875,0.00011886191036924814,1.8793103448275863,1
2021-07-20,1671748,1638860,30362,8640137,23221817,301,126,0,30650,49638,301.0,126.0,0.0,30650.0,2526,0.0001800834845496148,0.00012782009504237797,1.3807339449541285,1
2021-07-21,1671980,1639164,30363,8669583,23272684,232,304,1,29446,50867,232.0,304.0,1.0,29446.0,2453,0.00013877689699643727,0.00012732350518363875,0.770764119601329,1
2021-07-22,1672174,1639425,30363,8707764,23348229,194,261,0,38181,75545,194.0,261.0,0.0,38181.0,2386,0.00011603009605378054,0.00012694964365831955,0.8362068965517241,1
2021-07-23,1672361,1639678,30363,8754839,23464621,187,253,0,47075,116392,187.0,253.0,0.0,47075.0,2320,0.00011183046740351184,0.00013543277410779664,0.9639175257731959,1
2021-07-24,1672489,1639809,30363,8785748,23522713,128,131,0,30909,58092,128.0,131.0,0.0,30909.0,2317,7.653849856580009e-05,0.0001246518887138289,0.6844919786096256,1
2021-07-25,1672568,1639810,30363,8801239,23575751,79,1,0,15491,53038,79.0,1.0,0.0,15491.0,2395,4.7234989288419835e-05,9.808218966158991e-05,0.6171875,1
2021-07-26,1672771,1639817,30363,8833231,23654975,203,7,0,31992,79224,203.0,7.0,0.0,31992.0,2591,0.0001213702522109714,9.460086070449674e-05,2.569620253164557,1
2021-07-27,1673024,1639840,30363,8868589,23710310,253,23,0,35358,55335,253.0,23.0,0.0,35358.0,2821,0.00015124604623107407,0.00010164405073995547,1.2463054187192117,1
2021-07-28,1673219,1639849,30363,8900075,23765704,195,9,0,31486,55394,195.0,9.0,0.0,31486.0,3007,0.00011655541104012853,0.00010258903946727877,0.7707509881422925,1
